chio-cli v0.1.0 (/Users/connor/Medica/backbay/standalone/arc/.worktrees/kernel-release-audit-20260909/crates/products/chio-cli) 
async-stream v0.3.6 
async-stream-impl v0.3.6 (proc-macro) 
proc-macro2 v1.0.106 default,proc-macro
unicode-ident v1.0.24 
quote v1.0.45 default,proc-macro
proc-macro2 v1.0.106 default,proc-macro (*)
syn v2.0.117 clone-impls,default,derive,extra-traits,fold,full,parsing,printing,proc-macro,visit,visit-mut
proc-macro2 v1.0.106 default,proc-macro (*)
quote v1.0.45 default,proc-macro (*)
unicode-ident v1.0.24 
futures-core v0.3.32 alloc,default,std
pin-project-lite v0.2.17 
async-trait v0.1.89 (proc-macro) 
proc-macro2 v1.0.106 default,proc-macro (*)
quote v1.0.45 default,proc-macro (*)
syn v2.0.117 clone-impls,default,derive,extra-traits,fold,full,parsing,printing,proc-macro,visit,visit-mut (*)
axum v0.8.8 default,form,http1,json,matched-path,original-uri,query,tokio,tower-log,tracing
axum-core v0.5.6 tracing
bytes v1.11.1 default,serde,std
serde v1.0.228 alloc,default,derive,rc,serde_derive,std
serde_core v1.0.228 alloc,default,rc,result,std
serde_derive v1.0.228 (proc-macro) default
proc-macro2 v1.0.106 default,proc-macro (*)
quote v1.0.45 default,proc-macro (*)
syn v2.0.117 clone-impls,default,derive,extra-traits,fold,full,parsing,printing,proc-macro,visit,visit-mut (*)
futures-core v0.3.32 alloc,default,std
http v1.4.0 default,std
bytes v1.11.1 default,serde,std (*)
itoa v1.0.17 
http-body v1.0.1 
bytes v1.11.1 default,serde,std (*)
http v1.4.0 default,std (*)
http-body-util v0.1.3 default
bytes v1.11.1 default,serde,std (*)
futures-core v0.3.32 alloc,default,std
http v1.4.0 default,std (*)
http-body v1.0.1  (*)
pin-project-lite v0.2.17 
mime v0.3.17 
pin-project-lite v0.2.17 
sync_wrapper v1.0.2 futures,futures-core
futures-core v0.3.32 alloc,default,std
tower-layer v0.3.3 
tower-service v0.3.3 
tracing v0.1.44 attributes,default,log,std,tracing-attributes
log v0.4.29 std
pin-project-lite v0.2.17 
tracing-attributes v0.1.31 (proc-macro) 
proc-macro2 v1.0.106 default,proc-macro (*)
quote v1.0.45 default,proc-macro (*)
syn v2.0.117 clone-impls,default,derive,extra-traits,fold,full,parsing,printing,proc-macro,visit,visit-mut (*)
tracing-core v0.1.36 default,once_cell,std
once_cell v1.21.4 alloc,default,race,std
bytes v1.11.1 default,serde,std (*)
form_urlencoded v1.2.2 alloc,default,std
percent-encoding v2.3.2 alloc,default,std
futures-util v0.3.32 alloc,async-await,async-await-macro,channel,default,futures-channel,futures-io,futures-macro,futures-sink,io,memchr,sink,slab,std
futures-channel v0.3.32 alloc,default,futures-sink,sink,std
futures-core v0.3.32 alloc,default,std
futures-sink v0.3.32 alloc,default,std
futures-core v0.3.32 alloc,default,std
futures-io v0.3.32 default,std
futures-macro v0.3.32 (proc-macro) 
proc-macro2 v1.0.106 default,proc-macro (*)
quote v1.0.45 default,proc-macro (*)
syn v2.0.117 clone-impls,default,derive,extra-traits,fold,full,parsing,printing,proc-macro,visit,visit-mut (*)
futures-sink v0.3.32 alloc,default,std
futures-task v0.3.32 alloc,std
memchr v2.8.0 alloc,default,std
pin-project-lite v0.2.17 
slab v0.4.12 std
http v1.4.0 default,std (*)
http-body v1.0.1  (*)
http-body-util v0.1.3 default (*)
hyper v1.8.1 client,default,http1,server
atomic-waker v1.1.2 
bytes v1.11.1 default,serde,std (*)
futures-channel v0.3.32 alloc,default,futures-sink,sink,std (*)
futures-core v0.3.32 alloc,default,std
http v1.4.0 default,std (*)
http-body v1.0.1  (*)
httparse v1.10.1 default,std
httpdate v1.0.3 
itoa v1.0.17 
pin-project-lite v0.2.17 
pin-utils v0.1.0 
smallvec v1.15.1 const_generics,const_new,serde,union
serde v1.0.228 alloc,default,derive,rc,serde_derive,std (*)
tokio v1.50.0 bytes,default,fs,full,io-std,io-util,libc,macros,mio,net,parking_lot,process,rt,rt-multi-thread,signal,signal-hook-registry,socket2,sync,time,tokio-macros,windows-sys
bytes v1.11.1 default,serde,std (*)
mio v1.1.1 net,os-ext,os-poll
windows-sys v0.61.2 Wdk,Wdk_Foundation,Wdk_Storage,Wdk_Storage_FileSystem,Wdk_System,Wdk_System_IO,Win32,Win32_Foundation,Win32_Networking,Win32_Networking_WinSock,Win32_Security,Win32_Security_Cryptography,Win32_Storage,Win32_Storage_FileSystem,Win32_System,Win32_System_Com,Win32_System_Console,Win32_System_Diagnostics,Win32_System_Diagnostics_Debug,Win32_System_IO,Win32_System_Kernel,Win32_System_Memory,Win32_System_Pipes,Win32_System_SystemInformation,Win32_System_SystemServices,Win32_System_Threading,Win32_System_WindowsProgramming,Win32_UI,Win32_UI_Shell,default
windows-link v0.2.1 
parking_lot v0.12.5 default
lock_api v0.4.14 atomic_usize,default
scopeguard v1.2.0 
parking_lot_core v0.9.12 
cfg-if v1.0.4 
smallvec v1.15.1 const_generics,const_new,serde,union (*)
windows-link v0.2.1 
pin-project-lite v0.2.17 
socket2 v0.6.3 all
windows-sys v0.61.2 Wdk,Wdk_Foundation,Wdk_Storage,Wdk_Storage_FileSystem,Wdk_System,Wdk_System_IO,Win32,Win32_Foundation,Win32_Networking,Win32_Networking_WinSock,Win32_Security,Win32_Security_Cryptography,Win32_Storage,Win32_Storage_FileSystem,Win32_System,Win32_System_Com,Win32_System_Console,Win32_System_Diagnostics,Win32_System_Diagnostics_Debug,Win32_System_IO,Win32_System_Kernel,Win32_System_Memory,Win32_System_Pipes,Win32_System_SystemInformation,Win32_System_SystemServices,Win32_System_Threading,Win32_System_WindowsProgramming,Win32_UI,Win32_UI_Shell,default (*)
tokio-macros v2.6.1 (proc-macro) 
proc-macro2 v1.0.106 default,proc-macro (*)
quote v1.0.45 default,proc-macro (*)
syn v2.0.117 clone-impls,default,derive,extra-traits,fold,full,parsing,printing,proc-macro,visit,visit-mut (*)
windows-sys v0.61.2 Wdk,Wdk_Foundation,Wdk_Storage,Wdk_Storage_FileSystem,Wdk_System,Wdk_System_IO,Win32,Win32_Foundation,Win32_Networking,Win32_Networking_WinSock,Win32_Security,Win32_Security_Cryptography,Win32_Storage,Win32_Storage_FileSystem,Win32_System,Win32_System_Com,Win32_System_Console,Win32_System_Diagnostics,Win32_System_Diagnostics_Debug,Win32_System_IO,Win32_System_Kernel,Win32_System_Memory,Win32_System_Pipes,Win32_System_SystemInformation,Win32_System_SystemServices,Win32_System_Threading,Win32_System_WindowsProgramming,Win32_UI,Win32_UI_Shell,default (*)
want v0.3.1 
try-lock v0.2.5 
hyper-util v0.1.20 client,client-legacy,client-proxy,default,http1,server,service,tokio
base64 v0.22.1 alloc,default,std
bytes v1.11.1 default,serde,std (*)
futures-channel v0.3.32 alloc,default,futures-sink,sink,std (*)
futures-util v0.3.32 alloc,async-await,async-await-macro,channel,default,futures-channel,futures-io,futures-macro,futures-sink,io,memchr,sink,slab,std (*)
http v1.4.0 default,std (*)
http-body v1.0.1  (*)
hyper v1.8.1 client,default,http1,server (*)
ipnet v2.12.0 default,std
libc v0.2.189 default,extra_traits,std
percent-encoding v2.3.2 alloc,default,std
pin-project-lite v0.2.17 
socket2 v0.6.3 all (*)
tokio v1.50.0 bytes,default,fs,full,io-std,io-util,libc,macros,mio,net,parking_lot,process,rt,rt-multi-thread,signal,signal-hook-registry,socket2,sync,time,tokio-macros,windows-sys (*)
tower-service v0.3.3 
tracing v0.1.44 attributes,default,log,std,tracing-attributes (*)
itoa v1.0.17 
matchit v0.8.4 default
memchr v2.8.0 alloc,default,std
mime v0.3.17 
percent-encoding v2.3.2 alloc,default,std
pin-project-lite v0.2.17 
serde_core v1.0.228 alloc,default,rc,result,std
serde_json v1.0.149 alloc,default,float_roundtrip,raw_value,std
itoa v1.0.17 
memchr v2.8.0 alloc,default,std
serde_core v1.0.228 alloc,default,rc,result,std
zmij v1.0.21 
serde_path_to_error v0.1.20 
itoa v1.0.17 
serde_core v1.0.228 alloc,default,rc,result,std
serde_urlencoded v0.7.1 
form_urlencoded v1.2.2 alloc,default,std (*)
itoa v1.0.17 
ryu v1.0.23 
serde v1.0.228 alloc,default,derive,rc,serde_derive,std (*)
sync_wrapper v1.0.2 futures,futures-core (*)
tokio v1.50.0 bytes,default,fs,full,io-std,io-util,libc,macros,mio,net,parking_lot,process,rt,rt-multi-thread,signal,signal-hook-registry,socket2,sync,time,tokio-macros,windows-sys (*)
tower v0.5.3 buffer,futures-core,futures-util,limit,load-shed,log,make,pin-project-lite,retry,sync_wrapper,timeout,tokio,tokio-util,tracing,util
futures-core v0.3.32 alloc,default,std
futures-util v0.3.32 alloc,async-await,async-await-macro,channel,default,futures-channel,futures-io,futures-macro,futures-sink,io,memchr,sink,slab,std (*)
pin-project-lite v0.2.17 
sync_wrapper v1.0.2 futures,futures-core (*)
tokio v1.50.0 bytes,default,fs,full,io-std,io-util,libc,macros,mio,net,parking_lot,process,rt,rt-multi-thread,signal,signal-hook-registry,socket2,sync,time,tokio-macros,windows-sys (*)
tokio-util v0.7.18 default,futures-util,io,io-util,rt
bytes v1.11.1 default,serde,std (*)
futures-core v0.3.32 alloc,default,std
futures-sink v0.3.32 alloc,default,std
futures-util v0.3.32 alloc,async-await,async-await-macro,channel,default,futures-channel,futures-io,futures-macro,futures-sink,io,memchr,sink,slab,std (*)
pin-project-lite v0.2.17 
tokio v1.50.0 bytes,default,fs,full,io-std,io-util,libc,macros,mio,net,parking_lot,process,rt,rt-multi-thread,signal,signal-hook-registry,socket2,sync,time,tokio-macros,windows-sys (*)
tower-layer v0.3.3 
tower-service v0.3.3 
tracing v0.1.44 attributes,default,log,std,tracing-attributes (*)
tower-layer v0.3.3 
tower-service v0.3.3 
tracing v0.1.44 attributes,default,log,std,tracing-attributes (*)
base64 v0.22.1 alloc,default,std
chio-acp-proxy v0.1.0 (/Users/connor/Medica/backbay/standalone/arc/.worktrees/kernel-release-audit-20260909/crates/protocol/chio-acp-proxy) default
async-trait v0.1.89 (proc-macro)  (*)
chio-core-types v0.1.0 (/Users/connor/Medica/backbay/standalone/arc/.worktrees/kernel-release-audit-20260909/crates/core/chio-core-types) default,delegation,std
ed25519-dalek v2.2.0 alloc,default,fast,pem,pkcs8,rand_core,std,zeroize
curve25519-dalek v4.1.3 alloc,default,digest,precomputed-tables,rand_core,zeroize
cfg-if v1.0.4 
cpufeatures v0.2.17 
curve25519-dalek-derive v0.1.1 (proc-macro) 
proc-macro2 v1.0.106 default,proc-macro (*)
quote v1.0.45 default,proc-macro (*)
syn v2.0.117 clone-impls,default,derive,extra-traits,fold,full,parsing,printing,proc-macro,visit,visit-mut (*)
digest v0.10.7 alloc,block-buffer,const-oid,core-api,default,mac,oid,std,subtle
block-buffer v0.10.4 
generic-array v0.14.7 more_lengths,zeroize
typenum v1.20.0 const-generics
zeroize v1.9.0 alloc,default,derive,serde,zeroize_derive
serde v1.0.228 alloc,default,derive,rc,serde_derive,std (*)
zeroize_derive v1.5.0 (proc-macro) 
proc-macro2 v1.0.106 default,proc-macro (*)
quote v1.0.45 default,proc-macro (*)
syn v2.0.117 clone-impls,default,derive,extra-traits,fold,full,parsing,printing,proc-macro,visit,visit-mut (*)
version_check v0.9.5 
const-oid v0.9.6 db,std
crypto-common v0.1.7 getrandom,rand_core,std
generic-array v0.14.7 more_lengths,zeroize (*)
rand_core v0.6.4 alloc,getrandom,std
getrandom v0.2.17 std
cfg-if v1.0.4 
typenum v1.20.0 const-generics
subtle v2.6.1 default,i128,std
rand_core v0.6.4 alloc,getrandom,std (*)
subtle v2.6.1 default,i128,std
zeroize v1.9.0 alloc,default,derive,serde,zeroize_derive (*)
rustc_version v0.4.1 
semver v1.0.27 default,std
ed25519 v2.2.3 alloc,pem,pkcs8,std
pkcs8 v0.10.2 alloc,encryption,pem,pkcs5,rand_core,std
der v0.7.10 alloc,derive,flagset,oid,pem,std,zeroize
const-oid v0.9.6 db,std
der_derive v0.7.3 (proc-macro) 
proc-macro2 v1.0.106 default,proc-macro (*)
quote v1.0.45 default,proc-macro (*)
syn v2.0.117 clone-impls,default,derive,extra-traits,fold,full,parsing,printing,proc-macro,visit,visit-mut (*)
flagset v0.4.7 
pem-rfc7468 v0.7.0 alloc
base64ct v1.8.3 alloc
zeroize v1.9.0 alloc,default,derive,serde,zeroize_derive (*)
pkcs5 v0.7.1 alloc,pbes2
aes v0.8.4 
cfg-if v1.0.4 
cipher v0.4.4 block-padding,zeroize
crypto-common v0.1.7 getrandom,rand_core,std (*)
inout v0.1.4 block-padding
block-padding v0.3.3 
generic-array v0.14.7 more_lengths,zeroize (*)
generic-array v0.14.7 more_lengths,zeroize (*)
zeroize v1.9.0 alloc,default,derive,serde,zeroize_derive (*)
cpufeatures v0.2.17 
cbc v0.1.2 block-padding,default
cipher v0.4.4 block-padding,zeroize (*)
der v0.7.10 alloc,derive,flagset,oid,pem,std,zeroize (*)
pbkdf2 v0.12.2 default,hmac
digest v0.10.7 alloc,block-buffer,const-oid,core-api,default,mac,oid,std,subtle (*)
hmac v0.12.1 reset
digest v0.10.7 alloc,block-buffer,const-oid,core-api,default,mac,oid,std,subtle (*)
scrypt v0.11.0 
pbkdf2 v0.12.2 default,hmac (*)
salsa20 v0.10.2 zeroize
cipher v0.4.4 block-padding,zeroize (*)
sha2 v0.10.9 default,oid,std
cfg-if v1.0.4 
cpufeatures v0.2.17 
digest v0.10.7 alloc,block-buffer,const-oid,core-api,default,mac,oid,std,subtle (*)
sha2 v0.10.9 default,oid,std (*)
spki v0.7.3 alloc,pem,std
der v0.7.10 alloc,derive,flagset,oid,pem,std,zeroize (*)
rand_core v0.6.4 alloc,getrandom,std (*)
spki v0.7.3 alloc,pem,std (*)
signature v2.2.0 alloc,digest,rand_core,std
digest v0.10.7 alloc,block-buffer,const-oid,core-api,default,mac,oid,std,subtle (*)
rand_core v0.6.4 alloc,getrandom,std (*)
rand_core v0.6.4 alloc,getrandom,std (*)
sha2 v0.10.9 default,oid,std (*)
subtle v2.6.1 default,i128,std
zeroize v1.9.0 alloc,default,derive,serde,zeroize_derive (*)
hex v0.4.3 alloc,default,std
percent-encoding v2.3.2 alloc,default,std
rand_core v0.6.4 alloc,getrandom,std (*)
ryu v1.0.23 
serde v1.0.228 alloc,default,derive,rc,serde_derive,std (*)
serde_json v1.0.149 alloc,default,float_roundtrip,raw_value,std (*)
sha2 v0.10.9 default,oid,std (*)
thiserror v1.0.69 
thiserror-impl v1.0.69 (proc-macro) 
proc-macro2 v1.0.106 default,proc-macro (*)
quote v1.0.45 default,proc-macro (*)
syn v2.0.117 clone-impls,default,derive,extra-traits,fold,full,parsing,printing,proc-macro,visit,visit-mut (*)
url v2.5.8 default,serde,std
form_urlencoded v1.2.2 alloc,default,std (*)
idna v1.1.0 alloc,compiled_data,default,std
idna_adapter v1.2.1 compiled_data
icu_normalizer v2.1.1 compiled_data
icu_collections v2.1.1 
displaydoc v0.2.5 (proc-macro) default,std
proc-macro2 v1.0.106 default,proc-macro (*)
quote v1.0.45 default,proc-macro (*)
syn v2.0.117 clone-impls,default,derive,extra-traits,fold,full,parsing,printing,proc-macro,visit,visit-mut (*)
potential_utf v0.1.4 zerovec
zerovec v0.11.5 derive,yoke
yoke v0.8.1 derive,zerofrom
stable_deref_trait v1.2.1 
yoke-derive v0.8.1 (proc-macro) 
proc-macro2 v1.0.106 default,proc-macro (*)
quote v1.0.45 default,proc-macro (*)
syn v2.0.117 clone-impls,default,derive,extra-traits,fold,full,parsing,printing,proc-macro,visit,visit-mut (*)
synstructure v0.13.2 default,proc-macro
proc-macro2 v1.0.106 default,proc-macro (*)
quote v1.0.45 default,proc-macro (*)
syn v2.0.117 clone-impls,default,derive,extra-traits,fold,full,parsing,printing,proc-macro,visit,visit-mut (*)
zerofrom v0.1.6 derive
zerofrom-derive v0.1.6 (proc-macro) 
proc-macro2 v1.0.106 default,proc-macro (*)
quote v1.0.45 default,proc-macro (*)
syn v2.0.117 clone-impls,default,derive,extra-traits,fold,full,parsing,printing,proc-macro,visit,visit-mut (*)
synstructure v0.13.2 default,proc-macro (*)
zerofrom v0.1.6 derive (*)
zerovec-derive v0.11.2 (proc-macro) 
proc-macro2 v1.0.106 default,proc-macro (*)
quote v1.0.45 default,proc-macro (*)
syn v2.0.117 clone-impls,default,derive,extra-traits,fold,full,parsing,printing,proc-macro,visit,visit-mut (*)
yoke v0.8.1 derive,zerofrom (*)
zerofrom v0.1.6 derive (*)
zerovec v0.11.5 derive,yoke (*)
icu_normalizer_data v2.1.1 
icu_provider v2.1.1 baked
displaydoc v0.2.5 (proc-macro) default,std (*)
icu_locale_core v2.1.1 zerovec
displaydoc v0.2.5 (proc-macro) default,std (*)
litemap v0.8.1 
tinystr v0.8.2 zerovec
displaydoc v0.2.5 (proc-macro) default,std (*)
zerovec v0.11.5 derive,yoke (*)
writeable v0.6.2 
zerovec v0.11.5 derive,yoke (*)
writeable v0.6.2 
yoke v0.8.1 derive,zerofrom (*)
zerofrom v0.1.6 derive (*)
zerotrie v0.2.3 yoke,zerofrom
displaydoc v0.2.5 (proc-macro) default,std (*)
yoke v0.8.1 derive,zerofrom (*)
zerofrom v0.1.6 derive (*)
zerovec v0.11.5 derive,yoke (*)
smallvec v1.15.1 const_generics,const_new,serde,union (*)
zerovec v0.11.5 derive,yoke (*)
icu_properties v2.1.2 compiled_data
icu_collections v2.1.1  (*)
icu_locale_core v2.1.1 zerovec (*)
icu_properties_data v2.1.2 
icu_provider v2.1.1 baked (*)
zerotrie v0.2.3 yoke,zerofrom (*)
zerovec v0.11.5 derive,yoke (*)
smallvec v1.15.1 const_generics,const_new,serde,union (*)
utf8_iter v1.0.4 
percent-encoding v2.3.2 alloc,default,std
serde v1.0.228 alloc,default,derive,rc,serde_derive,std (*)
serde_derive v1.0.228 (proc-macro) default (*)
chio-cross-protocol v0.1.0 (/Users/connor/Medica/backbay/standalone/arc/.worktrees/kernel-release-audit-20260909/crates/protocol/chio-cross-protocol) 
chio-core-types v0.1.0 (/Users/connor/Medica/backbay/standalone/arc/.worktrees/kernel-release-audit-20260909/crates/core/chio-core-types) default,delegation,std (*)
chio-kernel v0.1.0 (/Users/connor/Medica/backbay/standalone/arc/.worktrees/kernel-release-audit-20260909/crates/kernel/chio-kernel) default,delegation,finding-market
arc-swap v1.9.1 
rustversion v1.0.22 (proc-macro) 
async-trait v0.1.89 (proc-macro)  (*)
base64 v0.22.1 alloc,default,std
chio-appraisal v0.1.0 (/Users/connor/Medica/backbay/standalone/arc/.worktrees/kernel-release-audit-20260909/crates/economy/chio-appraisal) 
chio-core-types v0.1.0 (/Users/connor/Medica/backbay/standalone/arc/.worktrees/kernel-release-audit-20260909/crates/core/chio-core-types) default,delegation,std (*)
chio-fiscal v0.1.0 (/Users/connor/Medica/backbay/standalone/arc/.worktrees/kernel-release-audit-20260909/crates/economy/chio-fiscal) 
chio-core-types v0.1.0 (/Users/connor/Medica/backbay/standalone/arc/.worktrees/kernel-release-audit-20260909/crates/core/chio-core-types) default,delegation,std (*)
chio-listing v0.1.0 (/Users/connor/Medica/backbay/standalone/arc/.worktrees/kernel-release-audit-20260909/crates/economy/chio-listing) 
chio-core-types v0.1.0 (/Users/connor/Medica/backbay/standalone/arc/.worktrees/kernel-release-audit-20260909/crates/core/chio-core-types) default,delegation,std (*)
serde v1.0.228 alloc,default,derive,rc,serde_derive,std (*)
serde_json v1.0.149 alloc,default,float_roundtrip,raw_value,std (*)
thiserror v1.0.69  (*)
hex v0.4.3 alloc,default,std
serde v1.0.228 alloc,default,derive,rc,serde_derive,std (*)
serde_json v1.0.149 alloc,default,float_roundtrip,raw_value,std (*)
thiserror v1.0.69  (*)
serde v1.0.228 alloc,default,derive,rc,serde_derive,std (*)
serde_json v1.0.149 alloc,default,float_roundtrip,raw_value,std (*)
thiserror v1.0.69  (*)
chio-bounded v0.1.0 (/Users/connor/Medica/backbay/standalone/arc/.worktrees/kernel-release-audit-20260909/crates/core/chio-bounded) 
chio-core v0.1.0 (/Users/connor/Medica/backbay/standalone/arc/.worktrees/kernel-release-audit-20260909/crates/core/chio-core) default
chio-appraisal v0.1.0 (/Users/connor/Medica/backbay/standalone/arc/.worktrees/kernel-release-audit-20260909/crates/economy/chio-appraisal)  (*)
chio-autonomy v0.1.0 (/Users/connor/Medica/backbay/standalone/arc/.worktrees/kernel-release-audit-20260909/crates/economy/chio-autonomy) 
chio-core-types v0.1.0 (/Users/connor/Medica/backbay/standalone/arc/.worktrees/kernel-release-audit-20260909/crates/core/chio-core-types) default,delegation,std (*)
chio-market v0.1.0 (/Users/connor/Medica/backbay/standalone/arc/.worktrees/kernel-release-audit-20260909/crates/economy/chio-market) 
chio-appraisal v0.1.0 (/Users/connor/Medica/backbay/standalone/arc/.worktrees/kernel-release-audit-20260909/crates/economy/chio-appraisal)  (*)
chio-core-types v0.1.0 (/Users/connor/Medica/backbay/standalone/arc/.worktrees/kernel-release-audit-20260909/crates/core/chio-core-types) default,delegation,std (*)
chio-credit v0.1.0 (/Users/connor/Medica/backbay/standalone/arc/.worktrees/kernel-release-audit-20260909/crates/economy/chio-credit) default
chio-appraisal v0.1.0 (/Users/connor/Medica/backbay/standalone/arc/.worktrees/kernel-release-audit-20260909/crates/economy/chio-appraisal)  (*)
chio-core-types v0.1.0 (/Users/connor/Medica/backbay/standalone/arc/.worktrees/kernel-release-audit-20260909/crates/core/chio-core-types) default,delegation,std (*)
chio-did v0.1.0 (/Users/connor/Medica/backbay/standalone/arc/.worktrees/kernel-release-audit-20260909/crates/trust/chio-did) 
bs58 v0.5.1 alloc,default,std
chio-core-types v0.1.0 (/Users/connor/Medica/backbay/standalone/arc/.worktrees/kernel-release-audit-20260909/crates/core/chio-core-types) default,delegation,std (*)
serde v1.0.228 alloc,default,derive,rc,serde_derive,std (*)
thiserror v1.0.69  (*)
url v2.5.8 default,serde,std (*)
chio-federation v0.1.0 (/Users/connor/Medica/backbay/standalone/arc/.worktrees/kernel-release-audit-20260909/crates/trust/chio-federation) 
base64 v0.22.1 alloc,default,std
chio-core-types v0.1.0 (/Users/connor/Medica/backbay/standalone/arc/.worktrees/kernel-release-audit-20260909/crates/core/chio-core-types) default,delegation,std (*)
chio-listing v0.1.0 (/Users/connor/Medica/backbay/standalone/arc/.worktrees/kernel-release-audit-20260909/crates/economy/chio-listing)  (*)
chio-metrics-spec v0.1.0 (/Users/connor/Medica/backbay/standalone/arc/.worktrees/kernel-release-audit-20260909/crates/observability/chio-metrics-spec) 
chio-open-market v0.1.0 (/Users/connor/Medica/backbay/standalone/arc/.worktrees/kernel-release-audit-20260909/crates/economy/chio-open-market) 
base64 v0.22.1 alloc,default,std
chio-core-types v0.1.0 (/Users/connor/Medica/backbay/standalone/arc/.worktrees/kernel-release-audit-20260909/crates/core/chio-core-types) default,delegation,std (*)
chio-finding v0.1.0 (/Users/connor/Medica/backbay/standalone/arc/.worktrees/kernel-release-audit-20260909/crates/economy/chio-finding) 
base64 v0.22.1 alloc,default,std
chio-core-types v0.1.0 (/Users/connor/Medica/backbay/standalone/arc/.worktrees/kernel-release-audit-20260909/crates/core/chio-core-types) default,delegation,std (*)
chio-revocation-oracle v0.1.0 (/Users/connor/Medica/backbay/standalone/arc/.worktrees/kernel-release-audit-20260909/crates/trust/chio-revocation-oracle) default
chio-core-types v0.1.0 (/Users/connor/Medica/backbay/standalone/arc/.worktrees/kernel-release-audit-20260909/crates/core/chio-core-types) default,delegation,std (*)
rs_merkle v1.5.0 default,std
sha2 v0.10.9 default,oid,std (*)
serde v1.0.228 alloc,default,derive,rc,serde_derive,std (*)
sha2 v0.10.9 default,oid,std (*)
thiserror v1.0.69  (*)
hex v0.4.3 alloc,default,std
serde v1.0.228 alloc,default,derive,rc,serde_derive,std (*)
serde_json v1.0.149 alloc,default,float_roundtrip,raw_value,std (*)
thiserror v1.0.69  (*)
chio-fiscal v0.1.0 (/Users/connor/Medica/backbay/standalone/arc/.worktrees/kernel-release-audit-20260909/crates/economy/chio-fiscal)  (*)
chio-governance v0.1.0 (/Users/connor/Medica/backbay/standalone/arc/.worktrees/kernel-release-audit-20260909/crates/trust/chio-governance) 
chio-core-types v0.1.0 (/Users/connor/Medica/backbay/standalone/arc/.worktrees/kernel-release-audit-20260909/crates/core/chio-core-types) default,delegation,std (*)
chio-listing v0.1.0 (/Users/connor/Medica/backbay/standalone/arc/.worktrees/kernel-release-audit-20260909/crates/economy/chio-listing)  (*)
serde v1.0.228 alloc,default,derive,rc,serde_derive,std (*)
thiserror v1.0.69  (*)
chio-listing v0.1.0 (/Users/connor/Medica/backbay/standalone/arc/.worktrees/kernel-release-audit-20260909/crates/economy/chio-listing)  (*)
chio-pheromone v0.1.0 (/Users/connor/Medica/backbay/standalone/arc/.worktrees/kernel-release-audit-20260909/crates/trust/chio-pheromone) 
base64 v0.22.1 alloc,default,std
chio-core-types v0.1.0 (/Users/connor/Medica/backbay/standalone/arc/.worktrees/kernel-release-audit-20260909/crates/core/chio-core-types) default,delegation,std (*)
hex v0.4.3 alloc,default,std
serde v1.0.228 alloc,default,derive,rc,serde_derive,std (*)
serde_json v1.0.149 alloc,default,float_roundtrip,raw_value,std (*)
sha2 v0.10.9 default,oid,std (*)
thiserror v1.0.69  (*)
serde v1.0.228 alloc,default,derive,rc,serde_derive,std (*)
serde_json v1.0.149 alloc,default,float_roundtrip,raw_value,std (*)
thiserror v1.0.69  (*)
chio-pheromone v0.1.0 (/Users/connor/Medica/backbay/standalone/arc/.worktrees/kernel-release-audit-20260909/crates/trust/chio-pheromone)  (*)
chio-revocation-oracle v0.1.0 (/Users/connor/Medica/backbay/standalone/arc/.worktrees/kernel-release-audit-20260909/crates/trust/chio-revocation-oracle) default (*)
frost-ed25519 v3.0.0 serde,serialization
curve25519-dalek v4.1.3 alloc,default,digest,precomputed-tables,rand_core,zeroize (*)
document-features v0.2.12 (proc-macro) default
litrs v1.0.0 
frost-core v3.0.0 internals,serde,serialization
byteorder v1.5.0 std
const-crc32-nostd v1.3.1 
derive-getters v0.5.0 (proc-macro) default
proc-macro2 v1.0.106 default,proc-macro (*)
quote v1.0.45 default,proc-macro (*)
syn v2.0.117 clone-impls,default,derive,extra-traits,fold,full,parsing,printing,proc-macro,visit,visit-mut (*)
document-features v0.2.12 (proc-macro) default (*)
hex v0.4.3 alloc,default,std
itertools v0.14.0 default,use_alloc,use_std
either v1.15.0 default,serde,std,use_std
serde v1.0.228 alloc,default,derive,rc,serde_derive,std (*)
postcard v1.1.3 alloc,default,heapless,heapless-cas,use-std
cobs v0.3.0 
thiserror v2.0.18 default,std
thiserror-impl v2.0.18 (proc-macro) 
proc-macro2 v1.0.106 default,proc-macro (*)
quote v1.0.45 default,proc-macro (*)
syn v2.0.117 clone-impls,default,derive,extra-traits,fold,full,parsing,printing,proc-macro,visit,visit-mut (*)
heapless v0.7.17 atomic-polyfill,cas,serde
hash32 v0.2.1 
byteorder v1.5.0 std
serde v1.0.228 alloc,default,derive,rc,serde_derive,std (*)
spin v0.9.9 barrier,default,lazy,lock_api,lock_api_crate,mutex,once,rwlock,spin_mutex
lock_api v0.4.14 atomic_usize,default (*)
stable_deref_trait v1.2.1 
rustc_version v0.4.1  (*)
serde v1.0.228 alloc,default,derive,rc,serde_derive,std (*)
rand_core v0.6.4 alloc,getrandom,std (*)
serde v1.0.228 alloc,default,derive,rc,serde_derive,std (*)
serdect v0.2.0 alloc,default
base16ct v0.2.0 alloc
serde v1.0.228 alloc,default,derive,rc,serde_derive,std (*)
thiserror v2.0.18 default,std (*)
visibility v0.1.1 (proc-macro) 
proc-macro2 v1.0.106 default,proc-macro (*)
quote v1.0.45 default,proc-macro (*)
syn v2.0.117 clone-impls,default,derive,extra-traits,fold,full,parsing,printing,proc-macro,visit,visit-mut (*)
zeroize v1.9.0 alloc,default,derive,serde,zeroize_derive (*)
zeroize_derive v1.5.0 (proc-macro)  (*)
frost-rerandomized v3.0.0 serde,serialization
derive-getters v0.5.0 (proc-macro) default (*)
document-features v0.2.12 (proc-macro) default (*)
frost-core v3.0.0 internals,serde,serialization (*)
hex v0.4.3 alloc,default,std
rand_core v0.6.4 alloc,getrandom,std (*)
rand_core v0.6.4 alloc,getrandom,std (*)
sha2 v0.10.9 default,oid,std (*)
hex v0.4.3 alloc,default,std
serde v1.0.228 alloc,default,derive,rc,serde_derive,std (*)
serde_json v1.0.149 alloc,default,float_roundtrip,raw_value,std (*)
sha2 v0.10.9 default,oid,std (*)
thiserror v1.0.69  (*)
chio-fincred v0.1.0 (/Users/connor/Medica/backbay/standalone/arc/.worktrees/kernel-release-audit-20260909/crates/economy/chio-fincred) 
chio-core-types v0.1.0 (/Users/connor/Medica/backbay/standalone/arc/.worktrees/kernel-release-audit-20260909/crates/core/chio-core-types) default,delegation,std (*)
serde v1.0.228 alloc,default,derive,rc,serde_derive,std (*)
chio-underwriting v0.1.0 (/Users/connor/Medica/backbay/standalone/arc/.worktrees/kernel-release-audit-20260909/crates/economy/chio-underwriting) 
chio-appraisal v0.1.0 (/Users/connor/Medica/backbay/standalone/arc/.worktrees/kernel-release-audit-20260909/crates/economy/chio-appraisal)  (*)
chio-core-types v0.1.0 (/Users/connor/Medica/backbay/standalone/arc/.worktrees/kernel-release-audit-20260909/crates/core/chio-core-types) default,delegation,std (*)
chio-fiscal v0.1.0 (/Users/connor/Medica/backbay/standalone/arc/.worktrees/kernel-release-audit-20260909/crates/economy/chio-fiscal)  (*)
serde v1.0.228 alloc,default,derive,rc,serde_derive,std (*)
thiserror v1.0.69  (*)
serde v1.0.228 alloc,default,derive,rc,serde_derive,std (*)
serde_json v1.0.149 alloc,default,float_roundtrip,raw_value,std (*)
thiserror v1.0.69  (*)
chio-fiscal v0.1.0 (/Users/connor/Medica/backbay/standalone/arc/.worktrees/kernel-release-audit-20260909/crates/economy/chio-fiscal)  (*)
chio-underwriting v0.1.0 (/Users/connor/Medica/backbay/standalone/arc/.worktrees/kernel-release-audit-20260909/crates/economy/chio-underwriting)  (*)
serde v1.0.228 alloc,default,derive,rc,serde_derive,std (*)
serde_json v1.0.149 alloc,default,float_roundtrip,raw_value,std (*)
thiserror v1.0.69  (*)
chio-web3 v0.1.0 (/Users/connor/Medica/backbay/standalone/arc/.worktrees/kernel-release-audit-20260909/crates/economy/chio-web3) default
alloy-primitives v1.5.7 serde,std
bytes v1.11.1 default,serde,std (*)
cfg-if v1.0.4 
const-hex v1.18.1 alloc,core-error,serde,std
cfg-if v1.0.4 
cpufeatures v0.2.17 
serde_core v1.0.228 alloc,default,rc,result,std
derive_more v2.1.1 add,add_assign,as_ref,deref,deref_mut,display,from,from_str,index,index_mut,into,into_iterator,not
derive_more-impl v2.1.1 (proc-macro) add,add_assign,as_ref,default,deref,deref_mut,display,from,from_str,index,index_mut,into,into_iterator,not
convert_case v0.10.0 
unicode-segmentation v1.13.2 
proc-macro2 v1.0.106 default,proc-macro (*)
quote v1.0.45 default,proc-macro (*)
syn v2.0.117 clone-impls,default,derive,extra-traits,fold,full,parsing,printing,proc-macro,visit,visit-mut (*)
unicode-xid v0.2.6 default
rustc_version v0.4.1  (*)
itoa v1.0.17 
paste v1.0.15 (proc-macro) 
ruint v1.20.0 alloc,serde,std
ruint-macro v1.2.1 (proc-macro) 
serde_core v1.0.228 alloc,default,rc,result,std
rustc-hash v2.1.1 default,std
serde v1.0.228 alloc,default,derive,rc,serde_derive,std (*)
sha3 v0.10.8 asm,std
digest v0.10.7 alloc,block-buffer,const-oid,core-api,default,mac,oid,std,subtle (*)
keccak v0.1.6 asm
chio-core-types v0.1.0 (/Users/connor/Medica/backbay/standalone/arc/.worktrees/kernel-release-audit-20260909/crates/core/chio-core-types) default,delegation,std (*)
chio-credit v0.1.0 (/Users/connor/Medica/backbay/standalone/arc/.worktrees/kernel-release-audit-20260909/crates/economy/chio-credit) default (*)
serde v1.0.228 alloc,default,derive,rc,serde_derive,std (*)
serde_json v1.0.149 alloc,default,float_roundtrip,raw_value,std (*)
thiserror v1.0.69  (*)
serde v1.0.228 alloc,default,derive,rc,serde_derive,std (*)
serde_json v1.0.149 alloc,default,float_roundtrip,raw_value,std (*)
thiserror v1.0.69  (*)
chio-core-types v0.1.0 (/Users/connor/Medica/backbay/standalone/arc/.worktrees/kernel-release-audit-20260909/crates/core/chio-core-types) default,delegation,std (*)
chio-credit v0.1.0 (/Users/connor/Medica/backbay/standalone/arc/.worktrees/kernel-release-audit-20260909/crates/economy/chio-credit) default (*)
chio-federation v0.1.0 (/Users/connor/Medica/backbay/standalone/arc/.worktrees/kernel-release-audit-20260909/crates/trust/chio-federation)  (*)
chio-governance v0.1.0 (/Users/connor/Medica/backbay/standalone/arc/.worktrees/kernel-release-audit-20260909/crates/trust/chio-governance)  (*)
chio-listing v0.1.0 (/Users/connor/Medica/backbay/standalone/arc/.worktrees/kernel-release-audit-20260909/crates/economy/chio-listing)  (*)
chio-market v0.1.0 (/Users/connor/Medica/backbay/standalone/arc/.worktrees/kernel-release-audit-20260909/crates/economy/chio-market)  (*)
chio-open-market v0.1.0 (/Users/connor/Medica/backbay/standalone/arc/.worktrees/kernel-release-audit-20260909/crates/economy/chio-open-market)  (*)
chio-underwriting v0.1.0 (/Users/connor/Medica/backbay/standalone/arc/.worktrees/kernel-release-audit-20260909/crates/economy/chio-underwriting)  (*)
chio-web3 v0.1.0 (/Users/connor/Medica/backbay/standalone/arc/.worktrees/kernel-release-audit-20260909/crates/economy/chio-web3) default (*)
ed25519-dalek v2.2.0 alloc,default,fast,pem,pkcs8,rand_core,std,zeroize (*)
hex v0.4.3 alloc,default,std
serde v1.0.228 alloc,default,derive,rc,serde_derive,std (*)
serde_json v1.0.149 alloc,default,float_roundtrip,raw_value,std (*)
sha2 v0.10.9 default,oid,std (*)
thiserror v1.0.69  (*)
url v2.5.8 default,serde,std (*)
chio-core-types v0.1.0 (/Users/connor/Medica/backbay/standalone/arc/.worktrees/kernel-release-audit-20260909/crates/core/chio-core-types) default,delegation,std (*)
chio-credit v0.1.0 (/Users/connor/Medica/backbay/standalone/arc/.worktrees/kernel-release-audit-20260909/crates/economy/chio-credit) default (*)
chio-custody-hw v0.1.0 (/Users/connor/Medica/backbay/standalone/arc/.worktrees/kernel-release-audit-20260909/crates/trust/chio-custody-hw) passkey,sqlite-store
base64ct v1.8.3 alloc
chio-core-types v0.1.0 (/Users/connor/Medica/backbay/standalone/arc/.worktrees/kernel-release-audit-20260909/crates/core/chio-core-types) default,delegation,std (*)
chio-revocation-oracle v0.1.0 (/Users/connor/Medica/backbay/standalone/arc/.worktrees/kernel-release-audit-20260909/crates/trust/chio-revocation-oracle) default (*)
chrono v0.4.44 alloc,clock,default,iana-time-zone,js-sys,now,oldtime,serde,std,wasm-bindgen,wasmbind,winapi,windows-link
num-traits v0.2.19 default,i128,libm,std
libm v0.2.16 arch,default
autocfg v1.5.0 
serde v1.0.228 alloc,default,derive,rc,serde_derive,std (*)
windows-link v0.2.1 
coset v0.4.2 
ciborium v0.2.2 default,std
ciborium-io v0.2.2 alloc,std
ciborium-ll v0.2.2 
ciborium-io v0.2.2 alloc,std
half v2.7.1 
cfg-if v1.0.4 
zerocopy v0.8.42 derive,simd,zerocopy-derive
zerocopy-derive v0.8.42 (proc-macro) 
proc-macro2 v1.0.106 default,proc-macro (*)
quote v1.0.45 default,proc-macro (*)
syn v2.0.117 clone-impls,default,derive,extra-traits,fold,full,parsing,printing,proc-macro,visit,visit-mut (*)
serde v1.0.228 alloc,default,derive,rc,serde_derive,std (*)
ciborium-io v0.2.2 alloc,std
der v0.7.10 alloc,derive,flagset,oid,pem,std,zeroize (*)
hex v0.4.3 alloc,default,std
jsonwebtoken v9.3.1 default,pem,simple_asn1,use_pem
base64 v0.22.1 alloc,default,std
pem v3.0.6 default,serde,std
base64 v0.22.1 alloc,default,std
serde_core v1.0.228 alloc,default,rc,result,std
ring v0.17.14 alloc,default,dev_urandom_fallback,std
cfg-if v1.0.4 
getrandom v0.2.17 std (*)
untrusted v0.9.0 
cc v1.2.57 parallel
find-msvc-tools v0.1.9 
jobserver v0.1.34 
libc v0.2.189 default,std
libc v0.2.189 default,std
shlex v1.3.0 default,std
serde v1.0.228 alloc,default,derive,rc,serde_derive,std (*)
serde_json v1.0.149 alloc,default,float_roundtrip,raw_value,std (*)
simple_asn1 v0.6.4 
num-bigint v0.4.6 default,std
num-integer v0.1.46 i128,std
num-traits v0.2.19 default,i128,libm,std (*)
num-traits v0.2.19 default,i128,libm,std (*)
num-traits v0.2.19 default,i128,libm,std (*)
thiserror v2.0.18 default,std (*)
time v0.3.47 alloc,default,formatting,macros,parsing,std
deranged v0.5.8 default,powerfmt
powerfmt v0.2.0 
itoa v1.0.17 
num-conv v0.2.0 
powerfmt v0.2.0 
time-core v0.1.8 
time-macros v0.2.27 (proc-macro) formatting,parsing
num-conv v0.2.0 
time-core v0.1.8 
rusqlite v0.39.0 bundled,cache,default,hashlink,modern_sqlite
bitflags v2.11.0 
fallible-iterator v0.3.0 alloc,default
fallible-streaming-iterator v0.1.9 
hashlink v0.11.0 
hashbrown v0.16.1 allocator-api2,default,default-hasher,equivalent,inline-more,raw-entry
allocator-api2 v0.2.21 alloc
equivalent v1.0.2 
foldhash v0.2.0 
libsqlite3-sys v0.37.0 bundled,bundled_bindings,cc,default,min_sqlite_version_3_34_1,pkg-config,vcpkg
cc v1.2.57 parallel (*)
pkg-config v0.3.32 
vcpkg v0.2.15 
smallvec v1.15.1 const_generics,const_new,serde,union (*)
serde v1.0.228 alloc,default,derive,rc,serde_derive,std (*)
serde_json v1.0.149 alloc,default,float_roundtrip,raw_value,std (*)
sha2 v0.10.9 default,oid,std (*)
thiserror v1.0.69  (*)
url v2.5.8 default,serde,std (*)
webauthn-rs v0.5.2 attestation,default
base64urlsafedata v0.5.2 
base64 v0.21.7 alloc,default,std
pastey v0.1.1 (proc-macro) 
serde v1.0.228 alloc,default,derive,rc,serde_derive,std (*)
serde v1.0.228 alloc,default,derive,rc,serde_derive,std (*)
tracing v0.1.44 attributes,default,log,std,tracing-attributes (*)
url v2.5.8 default,serde,std (*)
uuid v1.22.0 default,fast-rng,rng,serde,std,v4,v7
getrandom v0.4.2 std,sys_rng
cfg-if v1.0.4 
rand_core v0.10.1 
rand v0.10.1 alloc,default,std,std_rng,sys_rng,thread_rng
chacha20 v0.10.2 rng
cfg-if v1.0.4 
cpufeatures v0.3.0 
rand_core v0.10.1 
getrandom v0.4.2 std,sys_rng (*)
rand_core v0.10.1 
serde_core v1.0.228 alloc,default,rc,result,std
webauthn-rs-core v0.5.2 default
base64 v0.21.7 alloc,default,std
base64urlsafedata v0.5.2  (*)
der-parser v9.0.0 bigint,default,num-bigint,std
asn1-rs v0.6.2 datetime,default,std,time
asn1-rs-derive v0.5.1 (proc-macro) 
proc-macro2 v1.0.106 default,proc-macro (*)
quote v1.0.45 default,proc-macro (*)
syn v2.0.117 clone-impls,default,derive,extra-traits,fold,full,parsing,printing,proc-macro,visit,visit-mut (*)
synstructure v0.13.2 default,proc-macro (*)
asn1-rs-impl v0.2.0 (proc-macro) 
proc-macro2 v1.0.106 default,proc-macro (*)
quote v1.0.45 default,proc-macro (*)
syn v2.0.117 clone-impls,default,derive,extra-traits,fold,full,parsing,printing,proc-macro,visit,visit-mut (*)
displaydoc v0.2.5 (proc-macro) default,std (*)
nom v7.1.3 alloc,default,std
memchr v2.8.0 alloc,default,std
minimal-lexical v0.2.1 std
num-traits v0.2.19 default,i128,libm,std (*)
rusticata-macros v4.1.0 
nom v7.1.3 alloc,default,std (*)
thiserror v1.0.69  (*)
time v0.3.47 alloc,default,formatting,macros,parsing,std (*)
displaydoc v0.2.5 (proc-macro) default,std (*)
nom v7.1.3 alloc,default,std (*)
num-bigint v0.4.6 default,std (*)
num-traits v0.2.19 default,i128,libm,std (*)
rusticata-macros v4.1.0  (*)
hex v0.4.3 alloc,default,std
nom v7.1.3 alloc,default,std (*)
openssl v0.10.78 default
bitflags v2.11.0 
cfg-if v1.0.4 
foreign-types v0.3.2 
foreign-types-shared v0.1.1 
libc v0.2.189 default,extra_traits,std
once_cell v1.21.4 alloc,default,race,std
openssl-macros v0.1.1 (proc-macro) 
proc-macro2 v1.0.106 default,proc-macro (*)
quote v1.0.45 default,proc-macro (*)
syn v2.0.117 clone-impls,default,derive,extra-traits,fold,full,parsing,printing,proc-macro,visit,visit-mut (*)
openssl-sys v0.9.114 
libc v0.2.189 default,extra_traits,std
cc v1.2.57 parallel (*)
pkg-config v0.3.32 
vcpkg v0.2.15 
openssl-sys v0.9.114  (*)
rand v0.8.6 alloc,default,getrandom,libc,rand_chacha,std,std_rng
rand_chacha v0.3.1 default,std
ppv-lite86 v0.2.21 simd,std
zerocopy v0.8.42 derive,simd,zerocopy-derive (*)
rand_core v0.6.4 alloc,getrandom,std (*)
rand_core v0.6.4 alloc,getrandom,std (*)
rand_chacha v0.3.1 default,std (*)
serde v1.0.228 alloc,default,derive,rc,serde_derive,std (*)
serde_cbor_2 v0.12.0-dev default,std
half v1.8.3 
serde v1.0.228 alloc,default,derive,rc,serde_derive,std (*)
serde_json v1.0.149 alloc,default,float_roundtrip,raw_value,std (*)
thiserror v1.0.69  (*)
tracing v0.1.44 attributes,default,log,std,tracing-attributes (*)
url v2.5.8 default,serde,std (*)
uuid v1.22.0 default,fast-rng,rng,serde,std,v4,v7 (*)
webauthn-attestation-ca v0.5.2 
base64urlsafedata v0.5.2  (*)
openssl v0.10.78 default (*)
openssl-sys v0.9.114  (*)
serde v1.0.228 alloc,default,derive,rc,serde_derive,std (*)
tracing v0.1.44 attributes,default,log,std,tracing-attributes (*)
uuid v1.22.0 default,fast-rng,rng,serde,std,v4,v7 (*)
webauthn-rs-proto v0.5.2 default
base64 v0.21.7 alloc,default,std
base64urlsafedata v0.5.2  (*)
serde v1.0.228 alloc,default,derive,rc,serde_derive,std (*)
serde_json v1.0.149 alloc,default,float_roundtrip,raw_value,std (*)
url v2.5.8 default,serde,std (*)
x509-parser v0.16.0 default,ring,verify
asn1-rs v0.6.2 datetime,default,std,time (*)
data-encoding v2.11.0 alloc,default,std
der-parser v9.0.0 bigint,default,num-bigint,std (*)
lazy_static v1.5.0 spin,spin_no_std
spin v0.9.9 barrier,default,lazy,lock_api,lock_api_crate,mutex,once,rwlock,spin_mutex (*)
nom v7.1.3 alloc,default,std (*)
oid-registry v0.7.1 crypto,default,kdf,nist_algs,pkcs1,pkcs12,pkcs7,pkcs9,registry,x509,x962
asn1-rs v0.6.2 datetime,default,std,time (*)
ring v0.17.14 alloc,default,dev_urandom_fallback,std (*)
rusticata-macros v4.1.0  (*)
thiserror v1.0.69  (*)
time v0.3.47 alloc,default,formatting,macros,parsing,std (*)
webauthn-rs-proto v0.5.2 default (*)
x509-parser v0.16.0 default,ring,verify (*)
chio-federation v0.1.0 (/Users/connor/Medica/backbay/standalone/arc/.worktrees/kernel-release-audit-20260909/crates/trust/chio-federation)  (*)
chio-kernel-core v0.1.0 (/Users/connor/Medica/backbay/standalone/arc/.worktrees/kernel-release-audit-20260909/crates/kernel/chio-kernel-core) default,revocation-view,std
arc-swap v1.9.1  (*)
chio-core-types v0.1.0 (/Users/connor/Medica/backbay/standalone/arc/.worktrees/kernel-release-audit-20260909/crates/core/chio-core-types) default,delegation,std (*)
serde v1.0.228 alloc,default,derive,rc,serde_derive,std (*)
serde_json v1.0.149 alloc,default,float_roundtrip,raw_value,std (*)
chio-link v0.1.0 (/Users/connor/Medica/backbay/standalone/arc/.worktrees/kernel-release-audit-20260909/crates/economy/chio-link) 
chio-core v0.1.0 (/Users/connor/Medica/backbay/standalone/arc/.worktrees/kernel-release-audit-20260909/crates/core/chio-core) default (*)
chio-egress-contract v0.1.0 (/Users/connor/Medica/backbay/standalone/arc/.worktrees/kernel-release-audit-20260909/crates/protocol/chio-egress-contract) default,reqwest-egress
reqwest v0.13.2 __rustls,__rustls-aws-lc-rs,__tls,blocking,form,json,multipart,query,rustls,stream
base64 v0.22.1 alloc,default,std
bytes v1.11.1 default,serde,std (*)
futures-channel v0.3.32 alloc,default,futures-sink,sink,std (*)
futures-core v0.3.32 alloc,default,std
futures-util v0.3.32 alloc,async-await,async-await-macro,channel,default,futures-channel,futures-io,futures-macro,futures-sink,io,memchr,sink,slab,std (*)
http v1.4.0 default,std (*)
http-body v1.0.1  (*)
http-body-util v0.1.3 default (*)
hyper v1.8.1 client,default,http1,server (*)
hyper-rustls v0.27.7 aws-lc-rs,http1,ring,tls12,webpki-roots,webpki-tokio
http v1.4.0 default,std (*)
hyper v1.8.1 client,default,http1,server (*)
hyper-util v0.1.20 client,client-legacy,client-proxy,default,http1,server,service,tokio (*)
rustls v0.23.37 aws-lc-rs,aws_lc_rs,default,log,logging,prefer-post-quantum,ring,std,tls12
aws-lc-rs v1.16.2 alloc,aws-lc-sys,default,prebuilt-nasm,ring-io,ring-sig-verify
aws-lc-sys v0.39.1 prebuilt-nasm
cc v1.2.57 parallel (*)
cmake v0.1.58 
cc v1.2.57 parallel (*)
dunce v1.0.5 
fs_extra v1.3.0 
untrusted v0.7.1 
zeroize v1.9.0 alloc,default,derive,serde,zeroize_derive (*)
log v0.4.29 std
once_cell v1.21.4 alloc,default,race,std
ring v0.17.14 alloc,default,dev_urandom_fallback,std (*)
rustls-pki-types v1.14.0 alloc,default,std
zeroize v1.9.0 alloc,default,derive,serde,zeroize_derive (*)
rustls-webpki v0.103.13 alloc,aws-lc-rs,ring,std
aws-lc-rs v1.16.2 alloc,aws-lc-sys,default,prebuilt-nasm,ring-io,ring-sig-verify (*)
ring v0.17.14 alloc,default,dev_urandom_fallback,std (*)
rustls-pki-types v1.14.0 alloc,default,std (*)
untrusted v0.9.0 
subtle v2.6.1 default,i128,std
zeroize v1.9.0 alloc,default,derive,serde,zeroize_derive (*)
rustls-pki-types v1.14.0 alloc,default,std (*)
tokio v1.50.0 bytes,default,fs,full,io-std,io-util,libc,macros,mio,net,parking_lot,process,rt,rt-multi-thread,signal,signal-hook-registry,socket2,sync,time,tokio-macros,windows-sys (*)
tokio-rustls v0.26.4 aws-lc-rs,aws_lc_rs,ring,tls12
rustls v0.23.37 aws-lc-rs,aws_lc_rs,default,log,logging,prefer-post-quantum,ring,std,tls12 (*)
tokio v1.50.0 bytes,default,fs,full,io-std,io-util,libc,macros,mio,net,parking_lot,process,rt,rt-multi-thread,signal,signal-hook-registry,socket2,sync,time,tokio-macros,windows-sys (*)
tower-service v0.3.3 
webpki-roots v1.0.6 
rustls-pki-types v1.14.0 alloc,default,std (*)
hyper-util v0.1.20 client,client-legacy,client-proxy,default,http1,server,service,tokio (*)
log v0.4.29 std
mime_guess v2.0.5 
mime v0.3.17 
unicase v2.9.0 
unicase v2.9.0 
percent-encoding v2.3.2 alloc,default,std
pin-project-lite v0.2.17 
rustls v0.23.37 aws-lc-rs,aws_lc_rs,default,log,logging,prefer-post-quantum,ring,std,tls12 (*)
rustls-pki-types v1.14.0 alloc,default,std (*)
rustls-platform-verifier v0.6.2 
log v0.4.29 std
rustls v0.23.37 aws-lc-rs,aws_lc_rs,default,log,logging,prefer-post-quantum,ring,std,tls12 (*)
windows-sys v0.61.2 Wdk,Wdk_Foundation,Wdk_Storage,Wdk_Storage_FileSystem,Wdk_System,Wdk_System_IO,Win32,Win32_Foundation,Win32_Networking,Win32_Networking_WinSock,Win32_Security,Win32_Security_Cryptography,Win32_Storage,Win32_Storage_FileSystem,Win32_System,Win32_System_Com,Win32_System_Console,Win32_System_Diagnostics,Win32_System_Diagnostics_Debug,Win32_System_IO,Win32_System_Kernel,Win32_System_Memory,Win32_System_Pipes,Win32_System_SystemInformation,Win32_System_SystemServices,Win32_System_Threading,Win32_System_WindowsProgramming,Win32_UI,Win32_UI_Shell,default (*)
serde v1.0.228 alloc,default,derive,rc,serde_derive,std (*)
serde_json v1.0.149 alloc,default,float_roundtrip,raw_value,std (*)
serde_urlencoded v0.7.1  (*)
sync_wrapper v1.0.2 futures,futures-core (*)
tokio v1.50.0 bytes,default,fs,full,io-std,io-util,libc,macros,mio,net,parking_lot,process,rt,rt-multi-thread,signal,signal-hook-registry,socket2,sync,time,tokio-macros,windows-sys (*)
tokio-rustls v0.26.4 aws-lc-rs,aws_lc_rs,ring,tls12 (*)
tokio-util v0.7.18 default,futures-util,io,io-util,rt (*)
tower v0.5.3 buffer,futures-core,futures-util,limit,load-shed,log,make,pin-project-lite,retry,sync_wrapper,timeout,tokio,tokio-util,tracing,util (*)
tower-http v0.6.8 default,follow-redirect,fs,futures-core,futures-util,httpdate,iri-string,mime,mime_guess,percent-encoding,set-header,set-status,timeout,tokio,tokio-util,tower,tracing
bitflags v2.11.0 
bytes v1.11.1 default,serde,std (*)
futures-core v0.3.32 alloc,default,std
futures-util v0.3.32 alloc,async-await,async-await-macro,channel,default,futures-channel,futures-io,futures-macro,futures-sink,io,memchr,sink,slab,std (*)
http v1.4.0 default,std (*)
http-body v1.0.1  (*)
http-body-util v0.1.3 default (*)
http-range-header v0.4.2 
httpdate v1.0.3 
iri-string v0.7.10 alloc,default,std
mime v0.3.17 
mime_guess v2.0.5  (*)
percent-encoding v2.3.2 alloc,default,std
pin-project-lite v0.2.17 
tokio v1.50.0 bytes,default,fs,full,io-std,io-util,libc,macros,mio,net,parking_lot,process,rt,rt-multi-thread,signal,signal-hook-registry,socket2,sync,time,tokio-macros,windows-sys (*)
tokio-util v0.7.18 default,futures-util,io,io-util,rt (*)
tower v0.5.3 buffer,futures-core,futures-util,limit,load-shed,log,make,pin-project-lite,retry,sync_wrapper,timeout,tokio,tokio-util,tracing,util (*)
tower-layer v0.3.3 
tower-service v0.3.3 
tracing v0.1.44 attributes,default,log,std,tracing-attributes (*)
tower-service v0.3.3 
url v2.5.8 default,serde,std (*)
serde v1.0.228 alloc,default,derive,rc,serde_derive,std (*)
serde_json v1.0.149 alloc,default,float_roundtrip,raw_value,std (*)
thiserror v1.0.69  (*)
tokio v1.50.0 bytes,default,fs,full,io-std,io-util,libc,macros,mio,net,parking_lot,process,rt,rt-multi-thread,signal,signal-hook-registry,socket2,sync,time,tokio-macros,windows-sys (*)
url v2.5.8 default,serde,std (*)
reqwest v0.13.2 __rustls,__rustls-aws-lc-rs,__tls,blocking,form,json,multipart,query,rustls,stream (*)
serde v1.0.228 alloc,default,derive,rc,serde_derive,std (*)
serde_json v1.0.149 alloc,default,float_roundtrip,raw_value,std (*)
thiserror v1.0.69  (*)
tokio v1.50.0 bytes,default,fs,full,io-std,io-util,libc,macros,mio,net,parking_lot,process,rt,rt-multi-thread,signal,signal-hook-registry,socket2,sync,time,tokio-macros,windows-sys (*)
chio-log-redact v0.1.0 (/Users/connor/Medica/backbay/standalone/arc/.worktrees/kernel-release-audit-20260909/crates/observability/chio-log-redact) 
chio-data-guards-redactors-default v0.1.0 (/Users/connor/Medica/backbay/standalone/arc/.worktrees/kernel-release-audit-20260909/crates/guards/chio-data-guards/redactors/default) 
regex v1.12.3 default,perf,perf-backtrack,perf-cache,perf-dfa,perf-inline,perf-literal,perf-onepass,std,unicode,unicode-age,unicode-bool,unicode-case,unicode-gencat,unicode-perl,unicode-script,unicode-segment
aho-corasick v1.1.4 default,perf-literal,std
memchr v2.8.0 alloc,default,std
memchr v2.8.0 alloc,default,std
regex-automata v0.4.14 alloc,dfa,dfa-build,dfa-onepass,dfa-search,hybrid,meta,nfa,nfa-backtrack,nfa-pikevm,nfa-thompson,perf,perf-inline,perf-literal,perf-literal-multisubstring,perf-literal-substring,std,syntax,unicode,unicode-age,unicode-bool,unicode-case,unicode-gencat,unicode-perl,unicode-script,unicode-segment,unicode-word-boundary
aho-corasick v1.1.4 default,perf-literal,std (*)
memchr v2.8.0 alloc,default,std
regex-syntax v0.8.10 default,std,unicode,unicode-age,unicode-bool,unicode-case,unicode-gencat,unicode-perl,unicode-script,unicode-segment
regex-syntax v0.8.10 default,std,unicode,unicode-age,unicode-bool,unicode-case,unicode-gencat,unicode-perl,unicode-script,unicode-segment
serde v1.0.228 alloc,default,derive,rc,serde_derive,std (*)
serde_json v1.0.149 alloc,default,float_roundtrip,raw_value,std (*)
thiserror v1.0.69  (*)
thiserror v1.0.69  (*)
tracing v0.1.44 attributes,default,log,std,tracing-attributes (*)
tracing-subscriber v0.3.23 alloc,ansi,default,env-filter,fmt,matchers,nu-ansi-term,once_cell,registry,sharded-slab,smallvec,std,thread_local,tracing,tracing-log
matchers v0.2.0 
regex-automata v0.4.14 alloc,dfa,dfa-build,dfa-onepass,dfa-search,hybrid,meta,nfa,nfa-backtrack,nfa-pikevm,nfa-thompson,perf,perf-inline,perf-literal,perf-literal-multisubstring,perf-literal-substring,std,syntax,unicode,unicode-age,unicode-bool,unicode-case,unicode-gencat,unicode-perl,unicode-script,unicode-segment,unicode-word-boundary (*)
nu-ansi-term v0.50.3 default,std
windows-sys v0.61.2 Wdk,Wdk_Foundation,Wdk_Storage,Wdk_Storage_FileSystem,Wdk_System,Wdk_System_IO,Win32,Win32_Foundation,Win32_Networking,Win32_Networking_WinSock,Win32_Security,Win32_Security_Cryptography,Win32_Storage,Win32_Storage_FileSystem,Win32_System,Win32_System_Com,Win32_System_Console,Win32_System_Diagnostics,Win32_System_Diagnostics_Debug,Win32_System_IO,Win32_System_Kernel,Win32_System_Memory,Win32_System_Pipes,Win32_System_SystemInformation,Win32_System_SystemServices,Win32_System_Threading,Win32_System_WindowsProgramming,Win32_UI,Win32_UI_Shell,default (*)
once_cell v1.21.4 alloc,default,race,std
regex-automata v0.4.14 alloc,dfa,dfa-build,dfa-onepass,dfa-search,hybrid,meta,nfa,nfa-backtrack,nfa-pikevm,nfa-thompson,perf,perf-inline,perf-literal,perf-literal-multisubstring,perf-literal-substring,std,syntax,unicode,unicode-age,unicode-bool,unicode-case,unicode-gencat,unicode-perl,unicode-script,unicode-segment,unicode-word-boundary (*)
sharded-slab v0.1.7 
lazy_static v1.5.0 spin,spin_no_std (*)
smallvec v1.15.1 const_generics,const_new,serde,union (*)
thread_local v1.1.9 
cfg-if v1.0.4 
tracing v0.1.44 attributes,default,log,std,tracing-attributes (*)
tracing-core v0.1.36 default,once_cell,std (*)
tracing-log v0.2.0 log-tracer,std
log v0.4.29 std
once_cell v1.21.4 alloc,default,race,std
tracing-core v0.1.36 default,once_cell,std (*)
chio-metrics-spec v0.1.0 (/Users/connor/Medica/backbay/standalone/arc/.worktrees/kernel-release-audit-20260909/crates/observability/chio-metrics-spec) 
chio-settle v0.1.0 (/Users/connor/Medica/backbay/standalone/arc/.worktrees/kernel-release-audit-20260909/crates/economy/chio-settle) default,web3
alloy-primitives v1.5.7 serde,std (*)
alloy-sol-types v1.5.7 json,std
alloy-json-abi v1.5.7 std
alloy-primitives v1.5.7 serde,std (*)
alloy-sol-type-parser v1.5.7 serde,std
serde v1.0.228 alloc,default,derive,rc,serde_derive,std (*)
winnow v0.7.15 alloc,default,std
serde v1.0.228 alloc,default,derive,rc,serde_derive,std (*)
alloy-primitives v1.5.7 serde,std (*)
alloy-sol-macro v1.5.7 (proc-macro) json
alloy-sol-macro-expander v1.5.7 json
alloy-json-abi v1.5.7 serde_json
alloy-primitives v1.5.7 serde
bytes v1.11.1 default,serde,std
serde v1.0.228 alloc,default,derive,rc,serde_derive,std
serde_core v1.0.228 alloc,rc,result,std
serde_derive v1.0.228 (proc-macro) default (*)
cfg-if v1.0.4 
const-hex v1.18.1 alloc,core-error,serde
cfg-if v1.0.4 
serde_core v1.0.228 alloc,rc,result,std
derive_more v2.1.1 add,add_assign,as_ref,deref,deref_mut,display,from,from_str,index,index_mut,into,into_iterator,not
derive_more-impl v2.1.1 (proc-macro) add,add_assign,as_ref,default,deref,deref_mut,display,from,from_str,index,index_mut,into,into_iterator,not (*)
itoa v1.0.17 
paste v1.0.15 (proc-macro) 
ruint v1.20.0 alloc,serde
ruint-macro v1.2.1 (proc-macro) 
serde_core v1.0.228 alloc,rc,result,std
rustc-hash v2.1.1 
serde v1.0.228 alloc,default,derive,rc,serde_derive,std (*)
sha3 v0.10.8 asm
digest v0.10.7 alloc,block-buffer,core-api,default,std
block-buffer v0.10.4 
generic-array v0.14.7 more_lengths
typenum v1.20.0 
version_check v0.9.5 
crypto-common v0.1.7 std
generic-array v0.14.7 more_lengths (*)
typenum v1.20.0 
keccak v0.1.6 asm
cpufeatures v0.2.17 
libc v0.2.189 default,std
alloy-sol-type-parser v1.5.7 serde
serde v1.0.228 alloc,default,derive,rc,serde_derive,std (*)
winnow v0.7.15 alloc
serde v1.0.228 alloc,default,derive,rc,serde_derive,std (*)
serde_json v1.0.149 alloc,default,std
itoa v1.0.17 
memchr v2.8.0 alloc,default,std
serde_core v1.0.228 alloc,rc,result,std
zmij v1.0.21 
alloy-sol-macro-input v1.5.7 json
alloy-json-abi v1.5.7 serde_json (*)
const-hex v1.18.1 alloc,core-error,serde (*)
dunce v1.0.5 
heck v0.5.0 
macro-string v0.1.4 
proc-macro2 v1.0.106 default,proc-macro (*)
quote v1.0.45 default,proc-macro (*)
syn v2.0.117 clone-impls,default,derive,extra-traits,fold,full,parsing,printing,proc-macro,visit,visit-mut (*)
proc-macro2 v1.0.106 default,proc-macro (*)
quote v1.0.45 default,proc-macro (*)
serde_json v1.0.149 alloc,default,std (*)
syn v2.0.117 clone-impls,default,derive,extra-traits,fold,full,parsing,printing,proc-macro,visit,visit-mut (*)
syn-solidity v1.5.7 visit,visit-mut
paste v1.0.15 (proc-macro) 
proc-macro2 v1.0.106 default,proc-macro (*)
quote v1.0.45 default,proc-macro (*)
syn v2.0.117 clone-impls,default,derive,extra-traits,fold,full,parsing,printing,proc-macro,visit,visit-mut (*)
const-hex v1.18.1 alloc,core-error,serde (*)
heck v0.5.0 
indexmap v2.14.1 default,serde,std
equivalent v1.0.2 
hashbrown v0.17.0 default-hasher
foldhash v0.2.0 
serde_core v1.0.228 alloc,rc,result,std
proc-macro-error2 v2.0.1 default,syn-error
proc-macro-error-attr2 v2.0.0 (proc-macro) 
proc-macro2 v1.0.106 default,proc-macro (*)
quote v1.0.45 default,proc-macro (*)
proc-macro2 v1.0.106 default,proc-macro (*)
quote v1.0.45 default,proc-macro (*)
syn v2.0.117 clone-impls,default,derive,extra-traits,fold,full,parsing,printing,proc-macro,visit,visit-mut (*)
proc-macro2 v1.0.106 default,proc-macro (*)
quote v1.0.45 default,proc-macro (*)
sha3 v0.10.8 asm (*)
syn v2.0.117 clone-impls,default,derive,extra-traits,fold,full,parsing,printing,proc-macro,visit,visit-mut (*)
syn-solidity v1.5.7 visit,visit-mut (*)
alloy-sol-macro-input v1.5.7 json (*)
proc-macro-error2 v2.0.1 default,syn-error (*)
proc-macro2 v1.0.106 default,proc-macro (*)
quote v1.0.45 default,proc-macro (*)
syn v2.0.117 clone-impls,default,derive,extra-traits,fold,full,parsing,printing,proc-macro,visit,visit-mut (*)
bs58 v0.5.1 alloc,default,std
chio-core v0.1.0 (/Users/connor/Medica/backbay/standalone/arc/.worktrees/kernel-release-audit-20260909/crates/core/chio-core) default (*)
chio-credit v0.1.0 (/Users/connor/Medica/backbay/standalone/arc/.worktrees/kernel-release-audit-20260909/crates/economy/chio-credit) default (*)
chio-egress-contract v0.1.0 (/Users/connor/Medica/backbay/standalone/arc/.worktrees/kernel-release-audit-20260909/crates/protocol/chio-egress-contract) default,reqwest-egress (*)
chio-federation v0.1.0 (/Users/connor/Medica/backbay/standalone/arc/.worktrees/kernel-release-audit-20260909/crates/trust/chio-federation)  (*)
chio-finding v0.1.0 (/Users/connor/Medica/backbay/standalone/arc/.worktrees/kernel-release-audit-20260909/crates/economy/chio-finding)  (*)
chio-open-market v0.1.0 (/Users/connor/Medica/backbay/standalone/arc/.worktrees/kernel-release-audit-20260909/crates/economy/chio-open-market)  (*)
chio-web3 v0.1.0 (/Users/connor/Medica/backbay/standalone/arc/.worktrees/kernel-release-audit-20260909/crates/economy/chio-web3) default (*)
chio-web3-bindings v0.1.0 (/Users/connor/Medica/backbay/standalone/arc/.worktrees/kernel-release-audit-20260909/crates/economy/chio-web3-bindings) web3
alloy v1.8.3 json,json-abi,sol-types,std
alloy-core v1.5.7 json,json-abi,serde,sol-types,std
alloy-json-abi v1.5.7 std (*)
alloy-primitives v1.5.7 serde,std (*)
alloy-sol-types v1.5.7 json,std (*)
serde_json v1.0.149 alloc,default,float_roundtrip,raw_value,std (*)
hex v0.4.3 alloc,default,std
reqwest v0.13.2 __rustls,__rustls-aws-lc-rs,__tls,blocking,form,json,multipart,query,rustls,stream (*)
secp256k1 v0.31.1 alloc,default,global-context,recovery,std
secp256k1-sys v0.11.0 alloc,recovery,std
cc v1.2.57 parallel (*)
serde v1.0.228 alloc,default,derive,rc,serde_derive,std (*)
serde_json v1.0.149 alloc,default,float_roundtrip,raw_value,std (*)
sha2 v0.10.9 default,oid,std (*)
thiserror v1.0.69  (*)
tokio v1.50.0 bytes,default,fs,full,io-std,io-util,libc,macros,mio,net,parking_lot,process,rt,rt-multi-thread,signal,signal-hook-registry,socket2,sync,time,tokio-macros,windows-sys (*)
zeroize v1.9.0 alloc,default,derive,serde,zeroize_derive (*)
chio-supervisor v0.1.0 (/Users/connor/Medica/backbay/standalone/arc/.worktrees/kernel-release-audit-20260909/crates/core/chio-supervisor) 
serde v1.0.228 alloc,default,derive,rc,serde_derive,std (*)
chio-swarm-authority v0.1.0 (/Users/connor/Medica/backbay/standalone/arc/.worktrees/kernel-release-audit-20260909/crates/kernel/chio-swarm-authority) 
chio-core-types v0.1.0 (/Users/connor/Medica/backbay/standalone/arc/.worktrees/kernel-release-audit-20260909/crates/core/chio-core-types) default,delegation,std (*)
serde v1.0.228 alloc,default,derive,rc,serde_derive,std (*)
serde_json v1.0.149 alloc,default,float_roundtrip,raw_value,std (*)
thiserror v1.0.69  (*)
chio-tool-call-fabric v0.1.0 (/Users/connor/Medica/backbay/standalone/arc/.worktrees/kernel-release-audit-20260909/crates/protocol/chio-tool-call-fabric) 
anyhow v1.0.103 default,std
async-trait v0.1.89 (proc-macro)  (*)
chio-core-types v0.1.0 (/Users/connor/Medica/backbay/standalone/arc/.worktrees/kernel-release-audit-20260909/crates/core/chio-core-types) default,delegation,std (*)
serde v1.0.228 alloc,default,derive,rc,serde_derive,std (*)
serde_json v1.0.149 alloc,default,float_roundtrip,raw_value,std (*)
thiserror v1.0.69  (*)
chio-underwriting v0.1.0 (/Users/connor/Medica/backbay/standalone/arc/.worktrees/kernel-release-audit-20260909/crates/economy/chio-underwriting)  (*)
chio-weights v0.1.0 (/Users/connor/Medica/backbay/standalone/arc/.worktrees/kernel-release-audit-20260909/crates/trust/chio-weights) default
chio-attest-verify v0.1.0 (/Users/connor/Medica/backbay/standalone/arc/.worktrees/kernel-release-audit-20260909/crates/trust/chio-attest-verify) default
chio-core-types v0.1.0 (/Users/connor/Medica/backbay/standalone/arc/.worktrees/kernel-release-audit-20260909/crates/core/chio-core-types) default,delegation,std (*)
const-oid v0.9.6 db,std
futures-util v0.3.32 alloc,async-await,async-await-macro,channel,default,futures-channel,futures-io,futures-macro,futures-sink,io,memchr,sink,slab,std (*)
pem v3.0.6 default,serde,std (*)
regex v1.12.3 default,perf,perf-backtrack,perf-cache,perf-dfa,perf-inline,perf-literal,perf-onepass,std,unicode,unicode-age,unicode-bool,unicode-case,unicode-gencat,unicode-perl,unicode-script,unicode-segment (*)
rustls-pki-types v1.14.0 alloc,default,std (*)
rustls-webpki v0.103.13 alloc,aws-lc-rs,ring,std (*)
serde v1.0.228 alloc,default,derive,rc,serde_derive,std (*)
serde_json v1.0.149 alloc,default,float_roundtrip,raw_value,std (*)
sha2 v0.10.9 default,oid,std (*)
sigstore v0.14.0 bundle,cert,cosign,fulcio,oauth,registry,rekor,rustls-tls,sign,sigstore-trust-root,verify
async-trait v0.1.89 (proc-macro)  (*)
aws-lc-rs v1.16.2 alloc,aws-lc-sys,default,prebuilt-nasm,ring-io,ring-sig-verify (*)
base64 v0.22.1 alloc,default,std
cfg-if v1.0.4 
chrono v0.4.44 alloc,clock,default,iana-time-zone,js-sys,now,oldtime,serde,std,wasm-bindgen,wasmbind,winapi,windows-link (*)
const-oid v0.9.6 db,std
crypto_secretbox v0.1.1 alloc,salsa20
aead v0.5.2 alloc,getrandom,rand_core
crypto-common v0.1.7 getrandom,rand_core,std (*)
generic-array v0.14.7 more_lengths,zeroize (*)
cipher v0.4.4 block-padding,zeroize (*)
generic-array v0.14.7 more_lengths,zeroize (*)
poly1305 v0.8.0 
cpufeatures v0.2.17 
opaque-debug v0.3.1 
universal-hash v0.5.1 
crypto-common v0.1.7 getrandom,rand_core,std (*)
subtle v2.6.1 default,i128,std
salsa20 v0.10.2 zeroize (*)
subtle v2.6.1 default,i128,std
zeroize v1.9.0 alloc,default,derive,serde,zeroize_derive (*)
digest v0.10.7 alloc,block-buffer,const-oid,core-api,default,mac,oid,std,subtle (*)
ecdsa v0.16.9 alloc,arithmetic,der,digest,hazmat,pem,pkcs8,rfc6979,signing,spki,std,verifying
der v0.7.10 alloc,derive,flagset,oid,pem,std,zeroize (*)
digest v0.10.7 alloc,block-buffer,const-oid,core-api,default,mac,oid,std,subtle (*)
elliptic-curve v0.13.8 alloc,arithmetic,default,digest,ecdh,ff,group,hash2curve,hazmat,pem,pkcs8,sec1,std
base16ct v0.2.0 alloc
crypto-bigint v0.5.5 generic-array,rand_core,zeroize
generic-array v0.14.7 more_lengths,zeroize (*)
rand_core v0.6.4 alloc,getrandom,std (*)
subtle v2.6.1 default,i128,std
zeroize v1.9.0 alloc,default,derive,serde,zeroize_derive (*)
digest v0.10.7 alloc,block-buffer,const-oid,core-api,default,mac,oid,std,subtle (*)
ff v0.13.1 alloc,bits,bitvec,default,std
bitvec v1.0.1 
funty v2.0.0 
radium v0.7.0 
tap v1.0.1 
wyz v0.5.1 
tap v1.0.1 
rand_core v0.6.4 alloc,getrandom,std (*)
subtle v2.6.1 default,i128,std
generic-array v0.14.7 more_lengths,zeroize (*)
group v0.13.0 alloc,default
ff v0.13.1 alloc,bits,bitvec,default,std (*)
rand_core v0.6.4 alloc,getrandom,std (*)
subtle v2.6.1 default,i128,std
hkdf v0.12.4 
hmac v0.12.1 reset (*)
pem-rfc7468 v0.7.0 alloc (*)
pkcs8 v0.10.2 alloc,encryption,pem,pkcs5,rand_core,std (*)
rand_core v0.6.4 alloc,getrandom,std (*)
sec1 v0.7.3 alloc,default,der,pem,pkcs8,point,std,subtle,zeroize
base16ct v0.2.0 alloc
der v0.7.10 alloc,derive,flagset,oid,pem,std,zeroize (*)
generic-array v0.14.7 more_lengths,zeroize (*)
pkcs8 v0.10.2 alloc,encryption,pem,pkcs5,rand_core,std (*)
subtle v2.6.1 default,i128,std
zeroize v1.9.0 alloc,default,derive,serde,zeroize_derive (*)
subtle v2.6.1 default,i128,std
zeroize v1.9.0 alloc,default,derive,serde,zeroize_derive (*)
rfc6979 v0.4.0 
hmac v0.12.1 reset (*)
subtle v2.6.1 default,i128,std
signature v2.2.0 alloc,digest,rand_core,std (*)
spki v0.7.3 alloc,pem,std (*)
futures v0.3.32 alloc,async-await,default,executor,futures-executor,std
futures-channel v0.3.32 alloc,default,futures-sink,sink,std (*)
futures-core v0.3.32 alloc,default,std
futures-executor v0.3.32 std
futures-core v0.3.32 alloc,default,std
futures-task v0.3.32 alloc,std
futures-util v0.3.32 alloc,async-await,async-await-macro,channel,default,futures-channel,futures-io,futures-macro,futures-sink,io,memchr,sink,slab,std (*)
futures-io v0.3.32 default,std
futures-sink v0.3.32 alloc,default,std
futures-task v0.3.32 alloc,std
futures-util v0.3.32 alloc,async-await,async-await-macro,channel,default,futures-channel,futures-io,futures-macro,futures-sink,io,memchr,sink,slab,std (*)
futures-util v0.3.32 alloc,async-await,async-await-macro,channel,default,futures-channel,futures-io,futures-macro,futures-sink,io,memchr,sink,slab,std (*)
hex v0.4.3 alloc,default,std
hex-literal v1.1.0 
oci-client v0.17.0 rustls-tls
bytes v1.11.1 default,serde,std (*)
chrono v0.4.44 alloc,clock,default,iana-time-zone,js-sys,now,oldtime,serde,std,wasm-bindgen,wasmbind,winapi,windows-link (*)
futures-util v0.3.32 alloc,async-await,async-await-macro,channel,default,futures-channel,futures-io,futures-macro,futures-sink,io,memchr,sink,slab,std (*)
hex v0.4.3 alloc,default,std
http v1.4.0 default,std (*)
http-auth v0.1.10 
memchr v2.8.0 alloc,default,std
jsonwebtoken v10.4.0 aws-lc-rs,aws_lc_rs
aws-lc-rs v1.16.2 alloc,aws-lc-sys,default,prebuilt-nasm,ring-io,ring-sig-verify (*)
base64 v0.22.1 alloc,default,std
serde v1.0.228 alloc,default,derive,rc,serde_derive,std (*)
serde_json v1.0.149 alloc,default,float_roundtrip,raw_value,std (*)
signature v2.2.0 alloc,digest,rand_core,std (*)
zeroize v1.9.0 alloc,default,derive,serde,zeroize_derive (*)
lazy_static v1.5.0 spin,spin_no_std (*)
oci-spec v0.9.0 default,distribution,image,runtime
const_format v0.2.35 default
const_format_proc_macros v0.2.34 (proc-macro) default
proc-macro2 v1.0.106 default,proc-macro (*)
quote v1.0.45 default,proc-macro (*)
unicode-xid v0.2.6 default
derive_builder v0.20.2 default,std
derive_builder_macro v0.20.2 (proc-macro) lib_has_std
derive_builder_core v0.20.2 lib_has_std
darling v0.20.11 default,suggestions
darling_core v0.20.11 strsim,suggestions
fnv v1.0.7 default,std
ident_case v1.0.1 
proc-macro2 v1.0.106 default,proc-macro (*)
quote v1.0.45 default,proc-macro (*)
strsim v0.11.1 
syn v2.0.117 clone-impls,default,derive,extra-traits,fold,full,parsing,printing,proc-macro,visit,visit-mut (*)
darling_macro v0.20.11 (proc-macro) 
darling_core v0.20.11 strsim,suggestions (*)
quote v1.0.45 default,proc-macro (*)
syn v2.0.117 clone-impls,default,derive,extra-traits,fold,full,parsing,printing,proc-macro,visit,visit-mut (*)
proc-macro2 v1.0.106 default,proc-macro (*)
quote v1.0.45 default,proc-macro (*)
syn v2.0.117 clone-impls,default,derive,extra-traits,fold,full,parsing,printing,proc-macro,visit,visit-mut (*)
syn v2.0.117 clone-impls,default,derive,extra-traits,fold,full,parsing,printing,proc-macro,visit,visit-mut (*)
getset v0.1.6 (proc-macro) 
proc-macro-error2 v2.0.1 default,syn-error (*)
proc-macro2 v1.0.106 default,proc-macro (*)
quote v1.0.45 default,proc-macro (*)
syn v2.0.117 clone-impls,default,derive,extra-traits,fold,full,parsing,printing,proc-macro,visit,visit-mut (*)
regex v1.12.3 default,perf,perf-backtrack,perf-cache,perf-dfa,perf-inline,perf-literal,perf-onepass,std,unicode,unicode-age,unicode-bool,unicode-case,unicode-gencat,unicode-perl,unicode-script,unicode-segment (*)
serde v1.0.228 alloc,default,derive,rc,serde_derive,std (*)
serde_json v1.0.149 alloc,default,float_roundtrip,raw_value,std (*)
strum v0.27.2 default,std
strum_macros v0.27.2 (proc-macro) 
heck v0.5.0 
proc-macro2 v1.0.106 default,proc-macro (*)
quote v1.0.45 default,proc-macro (*)
syn v2.0.117 clone-impls,default,derive,extra-traits,fold,full,parsing,printing,proc-macro,visit,visit-mut (*)
thiserror v2.0.18 default,std (*)
olpc-cjson v0.1.4 
serde v1.0.228 alloc,default,derive,rc,serde_derive,std (*)
serde_json v1.0.149 alloc,default,float_roundtrip,raw_value,std (*)
unicode-normalization v0.1.25 default,std
tinyvec v1.11.0 alloc,default,tinyvec_macros
tinyvec_macros v0.1.1 
regex v1.12.3 default,perf,perf-backtrack,perf-cache,perf-dfa,perf-inline,perf-literal,perf-onepass,std,unicode,unicode-age,unicode-bool,unicode-case,unicode-gencat,unicode-perl,unicode-script,unicode-segment (*)
reqwest v0.13.2 __rustls,__rustls-aws-lc-rs,__tls,blocking,form,json,multipart,query,rustls,stream (*)
serde v1.0.228 alloc,default,derive,rc,serde_derive,std (*)
serde_json v1.0.149 alloc,default,float_roundtrip,raw_value,std (*)
sha2 v0.11.0 alloc,default,oid
cfg-if v1.0.4 
cpufeatures v0.3.0 
digest v0.11.2 alloc,block-api,default,mac,oid
block-buffer v0.12.0 
hybrid-array v0.4.11 
typenum v1.20.0 const-generics
const-oid v0.10.2 
crypto-common v0.2.2 
hybrid-array v0.4.11  (*)
ctutils v0.4.2 
cmov v0.5.3 
thiserror v2.0.18 default,std (*)
tokio v1.50.0 bytes,default,fs,full,io-std,io-util,libc,macros,mio,net,parking_lot,process,rt,rt-multi-thread,signal,signal-hook-registry,socket2,sync,time,tokio-macros,windows-sys (*)
tracing v0.1.44 attributes,default,log,std,tracing-attributes (*)
unicase v2.9.0 
openidconnect v4.0.1 
base64 v0.21.7 alloc,default,std
chrono v0.4.44 alloc,clock,default,iana-time-zone,js-sys,now,oldtime,serde,std,wasm-bindgen,wasmbind,winapi,windows-link (*)
dyn-clone v1.0.20 
ed25519-dalek v2.2.0 alloc,default,fast,pem,pkcs8,rand_core,std,zeroize (*)
hmac v0.12.1 reset (*)
http v1.4.0 default,std (*)
itertools v0.10.5 default,use_alloc,use_std
either v1.15.0 default,serde,std,use_std (*)
log v0.4.29 std
oauth2 v5.0.0 
base64 v0.22.1 alloc,default,std
chrono v0.4.44 alloc,clock,default,iana-time-zone,js-sys,now,oldtime,serde,std,wasm-bindgen,wasmbind,winapi,windows-link (*)
http v1.4.0 default,std (*)
rand v0.8.6 alloc,default,getrandom,libc,rand_chacha,std,std_rng (*)
serde v1.0.228 alloc,default,derive,rc,serde_derive,std (*)
serde_json v1.0.149 alloc,default,float_roundtrip,raw_value,std (*)
serde_path_to_error v0.1.20  (*)
sha2 v0.10.9 default,oid,std (*)
thiserror v1.0.69  (*)
url v2.5.8 default,serde,std (*)
p256 v0.13.2 alloc,arithmetic,default,digest,ecdsa,ecdsa-core,pem,pkcs8,sha2,sha256,std
ecdsa v0.16.9 alloc,arithmetic,der,digest,hazmat,pem,pkcs8,rfc6979,signing,spki,std,verifying (*)
elliptic-curve v0.13.8 alloc,arithmetic,default,digest,ecdh,ff,group,hash2curve,hazmat,pem,pkcs8,sec1,std (*)
primeorder v0.13.6 
elliptic-curve v0.13.8 alloc,arithmetic,default,digest,ecdh,ff,group,hash2curve,hazmat,pem,pkcs8,sec1,std (*)
sha2 v0.10.9 default,oid,std (*)
p384 v0.13.1 alloc,arithmetic,default,digest,ecdh,ecdsa,ecdsa-core,pem,pkcs8,sha2,sha384,std
ecdsa v0.16.9 alloc,arithmetic,der,digest,hazmat,pem,pkcs8,rfc6979,signing,spki,std,verifying (*)
elliptic-curve v0.13.8 alloc,arithmetic,default,digest,ecdh,ff,group,hash2curve,hazmat,pem,pkcs8,sec1,std (*)
primeorder v0.13.6  (*)
sha2 v0.10.9 default,oid,std (*)
rand v0.8.6 alloc,default,getrandom,libc,rand_chacha,std,std_rng (*)
rsa v0.9.10 default,pem,sha2,std,u64_digit
const-oid v0.9.6 db,std
digest v0.10.7 alloc,block-buffer,const-oid,core-api,default,mac,oid,std,subtle (*)
num-bigint-dig v0.8.6 i128,prime,rand,u64_digit,zeroize
lazy_static v1.5.0 spin,spin_no_std (*)
libm v0.2.16 arch,default
num-integer v0.1.46 i128,std (*)
num-iter v0.1.45 i128,std
num-integer v0.1.46 i128,std (*)
num-traits v0.2.19 default,i128,libm,std (*)
autocfg v1.5.0 
num-traits v0.2.19 default,i128,libm,std (*)
rand v0.8.6 alloc,default,getrandom,libc,rand_chacha,std,std_rng (*)
smallvec v1.15.1 const_generics,const_new,serde,union (*)
zeroize v1.9.0 alloc,default,derive,serde,zeroize_derive (*)
num-integer v0.1.46 i128,std (*)
num-traits v0.2.19 default,i128,libm,std (*)
pkcs1 v0.7.5 alloc,pem,pkcs8,std,zeroize
der v0.7.10 alloc,derive,flagset,oid,pem,std,zeroize (*)
pkcs8 v0.10.2 alloc,encryption,pem,pkcs5,rand_core,std (*)
spki v0.7.3 alloc,pem,std (*)
pkcs8 v0.10.2 alloc,encryption,pem,pkcs5,rand_core,std (*)
rand_core v0.6.4 alloc,getrandom,std (*)
sha2 v0.10.9 default,oid,std (*)
signature v2.2.0 alloc,digest,rand_core,std (*)
spki v0.7.3 alloc,pem,std (*)
subtle v2.6.1 default,i128,std
zeroize v1.9.0 alloc,default,derive,serde,zeroize_derive (*)
serde v1.0.228 alloc,default,derive,rc,serde_derive,std (*)
serde-value v0.7.0 
ordered-float v2.10.1 default,std
num-traits v0.2.19 default,i128,libm,std (*)
serde v1.0.228 alloc,default,derive,rc,serde_derive,std (*)
serde_json v1.0.149 alloc,default,float_roundtrip,raw_value,std (*)
serde_path_to_error v0.1.20  (*)
serde_plain v1.0.2 
serde v1.0.228 alloc,default,derive,rc,serde_derive,std (*)
serde_with v3.18.0 alloc,base64,default,json,macros,std
base64 v0.22.1 alloc,default,std
serde_core v1.0.228 alloc,default,rc,result,std
serde_json v1.0.149 alloc,default,float_roundtrip,raw_value,std (*)
serde_with_macros v3.18.0 (proc-macro) 
darling v0.23.0 default,suggestions
darling_core v0.23.0 strsim,suggestions
ident_case v1.0.1 
proc-macro2 v1.0.106 default,proc-macro (*)
quote v1.0.45 default,proc-macro (*)
strsim v0.11.1 
syn v2.0.117 clone-impls,default,derive,extra-traits,fold,full,parsing,printing,proc-macro,visit,visit-mut (*)
darling_macro v0.23.0 (proc-macro) 
darling_core v0.23.0 strsim,suggestions (*)
quote v1.0.45 default,proc-macro (*)
syn v2.0.117 clone-impls,default,derive,extra-traits,fold,full,parsing,printing,proc-macro,visit,visit-mut (*)
proc-macro2 v1.0.106 default,proc-macro (*)
quote v1.0.45 default,proc-macro (*)
syn v2.0.117 clone-impls,default,derive,extra-traits,fold,full,parsing,printing,proc-macro,visit,visit-mut (*)
sha2 v0.10.9 default,oid,std (*)
subtle v2.6.1 default,i128,std
thiserror v1.0.69  (*)
url v2.5.8 default,serde,std (*)
p256 v0.13.2 alloc,arithmetic,default,digest,ecdsa,ecdsa-core,pem,pkcs8,sha2,sha256,std (*)
pem v3.0.6 default,serde,std (*)
pkcs8 v0.10.2 alloc,encryption,pem,pkcs5,rand_core,std (*)
regex v1.12.3 default,perf,perf-backtrack,perf-cache,perf-dfa,perf-inline,perf-literal,perf-onepass,std,unicode,unicode-age,unicode-bool,unicode-case,unicode-gencat,unicode-perl,unicode-script,unicode-segment (*)
reqwest v0.13.2 __rustls,__rustls-aws-lc-rs,__tls,blocking,form,json,multipart,query,rustls,stream (*)
rustls-pki-types v1.14.0 alloc,default,std (*)
rustls-webpki v0.103.13 alloc,aws-lc-rs,ring,std (*)
scrypt v0.12.0 password-hash,phc
cfg-if v1.0.4 
password-hash v0.6.1 phc
phc v0.6.1 
base64ct v1.8.3 alloc
ctutils v0.4.2  (*)
pbkdf2 v0.13.0 default,hmac
digest v0.11.2 alloc,block-api,default,mac,oid (*)
hmac v0.13.0 
digest v0.11.2 alloc,block-api,default,mac,oid (*)
salsa20 v0.11.0 
cfg-if v1.0.4 
cipher v0.5.2 block-buffer,stream-wrapper
block-buffer v0.12.0  (*)
crypto-common v0.2.2  (*)
inout v0.2.2 
hybrid-array v0.4.11  (*)
sha2 v0.11.0 alloc,default,oid (*)
serde v1.0.228 alloc,default,derive,rc,serde_derive,std (*)
serde_json v1.0.149 alloc,default,float_roundtrip,raw_value,std (*)
serde_json_canonicalizer v0.3.2 
ryu-js v1.0.3 
serde v1.0.228 alloc,default,derive,rc,serde_derive,std (*)
serde_json v1.0.149 alloc,default,float_roundtrip,raw_value,std (*)
serde_repr v0.1.20 (proc-macro) 
proc-macro2 v1.0.106 default,proc-macro (*)
quote v1.0.45 default,proc-macro (*)
syn v2.0.117 clone-impls,default,derive,extra-traits,fold,full,parsing,printing,proc-macro,visit,visit-mut (*)
serde_with v3.18.0 alloc,base64,default,json,macros,std (*)
sha2 v0.10.9 default,oid,std (*)
signature v3.0.0 
sigstore_protobuf_specs v0.5.1 
prost v0.14.3 default,derive,std
bytes v1.11.1 default,serde,std (*)
prost-derive v0.14.3 (proc-macro) 
anyhow v1.0.103 default,std
itertools v0.14.0 default,use_alloc,use_std
either v1.15.0 default,serde,std,use_std
serde v1.0.228 alloc,default,derive,rc,serde_derive,std (*)
proc-macro2 v1.0.106 default,proc-macro (*)
quote v1.0.45 default,proc-macro (*)
syn v2.0.117 clone-impls,default,derive,extra-traits,fold,full,parsing,printing,proc-macro,visit,visit-mut (*)
prost-reflect v0.16.3 derive,serde
base64 v0.22.1 alloc,default,std
prost v0.14.3 default,derive,std (*)
prost-reflect-derive v0.16.0 (proc-macro) 
proc-macro2 v1.0.106 default,proc-macro (*)
quote v1.0.45 default,proc-macro (*)
syn v2.0.117 clone-impls,default,derive,extra-traits,fold,full,parsing,printing,proc-macro,visit,visit-mut (*)
prost-types v0.14.3 default,std
prost v0.14.3 default,derive,std (*)
serde v1.0.228 alloc,default,derive,rc,serde_derive,std (*)
serde-value v0.7.0  (*)
prost-types v0.14.3 default,std (*)
serde v1.0.228 alloc,default,derive,rc,serde_derive,std (*)
serde_json v1.0.149 alloc,default,float_roundtrip,raw_value,std (*)
sigstore-protobuf-specs-derive v0.0.1 (proc-macro) 
quote v1.0.45 default,proc-macro (*)
syn v2.0.117 clone-impls,default,derive,extra-traits,fold,full,parsing,printing,proc-macro,visit,visit-mut (*)
anyhow v1.0.103 default,std
glob v0.3.3 
prost-build v0.14.3 default,format
heck v0.5.0 
itertools v0.14.0 default,use_alloc,use_std (*)
log v0.4.29 
multimap v0.10.1 
petgraph v0.8.3 std
fixedbitset v0.5.7 
hashbrown v0.15.5 allocator-api2,default,default-hasher,equivalent,inline-more,raw-entry
allocator-api2 v0.2.21 alloc
equivalent v1.0.2 
foldhash v0.1.5 
indexmap v2.14.1 default,serde,std (*)
prettyplease v0.2.37 
proc-macro2 v1.0.106 default,proc-macro (*)
syn v2.0.117 clone-impls,default,derive,extra-traits,fold,full,parsing,printing,proc-macro,visit,visit-mut (*)
prost v0.14.3 default,derive,std
bytes v1.11.1 default,serde,std (*)
prost-derive v0.14.3 (proc-macro)  (*)
prost-types v0.14.3 default,std
prost v0.14.3 default,derive,std (*)
regex v1.12.3 std,unicode-bool
regex-automata v0.4.14 alloc,meta,nfa-pikevm,nfa-thompson,std,syntax,unicode-bool
regex-syntax v0.8.10 std,unicode-bool
regex-syntax v0.8.10 std,unicode-bool
syn v2.0.117 clone-impls,default,derive,extra-traits,fold,full,parsing,printing,proc-macro,visit,visit-mut (*)
tempfile v3.27.0 default,getrandom
fastrand v2.3.0 alloc,default,std
getrandom v0.4.2 
cfg-if v1.0.4 
libc v0.2.189 default,std
once_cell v1.21.4 alloc,default,race,std
rustix v1.1.4 alloc,default,fs,std
bitflags v2.11.0 std
errno v0.3.14 std
libc v0.2.189 default,std
libc v0.2.189 default,std
prost-reflect-build v0.16.0 default
prost-build v0.14.3 default,format (*)
prost-reflect v0.16.3 derive
prost v0.14.3 default,derive,std (*)
prost-reflect-derive v0.16.0 (proc-macro)  (*)
prost-types v0.14.3 default,std (*)
which v8.0.2 default,real-sys
libc v0.2.189 default,std
thiserror v2.0.18 default,std (*)
tls_codec v0.4.2 derive,std,tls_codec_derive
tls_codec_derive v0.4.2 (proc-macro) default,std
proc-macro2 v1.0.106 default,proc-macro (*)
quote v1.0.45 default,proc-macro (*)
syn v2.0.117 clone-impls,default,derive,extra-traits,fold,full,parsing,printing,proc-macro,visit,visit-mut (*)
zeroize v1.9.0 alloc,default,derive,serde,zeroize_derive (*)
tokio v1.50.0 bytes,default,fs,full,io-std,io-util,libc,macros,mio,net,parking_lot,process,rt,rt-multi-thread,signal,signal-hook-registry,socket2,sync,time,tokio-macros,windows-sys (*)
tokio-util v0.7.18 default,futures-util,io,io-util,rt (*)
tough v0.22.0 
async-recursion v1.1.1 (proc-macro) 
proc-macro2 v1.0.106 default,proc-macro (*)
quote v1.0.45 default,proc-macro (*)
syn v2.0.117 clone-impls,default,derive,extra-traits,fold,full,parsing,printing,proc-macro,visit,visit-mut (*)
async-trait v0.1.89 (proc-macro)  (*)
aws-lc-rs v1.16.2 alloc,aws-lc-sys,default,prebuilt-nasm,ring-io,ring-sig-verify (*)
bytes v1.11.1 default,serde,std (*)
chrono v0.4.44 alloc,clock,default,iana-time-zone,js-sys,now,oldtime,serde,std,wasm-bindgen,wasmbind,winapi,windows-link (*)
dyn-clone v1.0.20 
futures v0.3.32 alloc,async-await,default,executor,futures-executor,std (*)
futures-core v0.3.32 alloc,default,std
globset v0.4.18 default,log
aho-corasick v1.1.4 default,perf-literal,std (*)
bstr v1.12.1 alloc,std
memchr v2.8.0 alloc,default,std
log v0.4.29 std
regex-automata v0.4.14 alloc,dfa,dfa-build,dfa-onepass,dfa-search,hybrid,meta,nfa,nfa-backtrack,nfa-pikevm,nfa-thompson,perf,perf-inline,perf-literal,perf-literal-multisubstring,perf-literal-substring,std,syntax,unicode,unicode-age,unicode-bool,unicode-case,unicode-gencat,unicode-perl,unicode-script,unicode-segment,unicode-word-boundary (*)
regex-syntax v0.8.10 default,std,unicode,unicode-age,unicode-bool,unicode-case,unicode-gencat,unicode-perl,unicode-script,unicode-segment
hex v0.4.3 alloc,default,std
log v0.4.29 std
olpc-cjson v0.1.4  (*)
pem v3.0.6 default,serde,std (*)
percent-encoding v2.3.2 alloc,default,std
rustls v0.23.37 aws-lc-rs,aws_lc_rs,default,log,logging,prefer-post-quantum,ring,std,tls12 (*)
serde v1.0.228 alloc,default,derive,rc,serde_derive,std (*)
serde_json v1.0.149 alloc,default,float_roundtrip,raw_value,std (*)
serde_plain v1.0.2  (*)
snafu v0.8.9 alloc,default,futures,futures-core-crate,pin-project,rust_1_61,rust_1_65,std
futures-core v0.3.32 alloc,default,std
pin-project v1.1.11 
pin-project-internal v1.1.11 (proc-macro) 
proc-macro2 v1.0.106 default,proc-macro (*)
quote v1.0.45 default,proc-macro (*)
syn v2.0.117 clone-impls,default,derive,extra-traits,fold,full,parsing,printing,proc-macro,visit,visit-mut (*)
snafu-derive v0.8.9 (proc-macro) rust_1_61
heck v0.5.0 
proc-macro2 v1.0.106 default,proc-macro (*)
quote v1.0.45 default,proc-macro (*)
syn v2.0.117 clone-impls,default,derive,extra-traits,fold,full,parsing,printing,proc-macro,visit,visit-mut (*)
tempfile v3.27.0 default,getrandom
fastrand v2.3.0 alloc,default,std
getrandom v0.4.2 std,sys_rng (*)
once_cell v1.21.4 alloc,default,race,std
windows-sys v0.61.2 Wdk,Wdk_Foundation,Wdk_Storage,Wdk_Storage_FileSystem,Wdk_System,Wdk_System_IO,Win32,Win32_Foundation,Win32_Networking,Win32_Networking_WinSock,Win32_Security,Win32_Security_Cryptography,Win32_Storage,Win32_Storage_FileSystem,Win32_System,Win32_System_Com,Win32_System_Console,Win32_System_Diagnostics,Win32_System_Diagnostics_Debug,Win32_System_IO,Win32_System_Kernel,Win32_System_Memory,Win32_System_Pipes,Win32_System_SystemInformation,Win32_System_SystemServices,Win32_System_Threading,Win32_System_WindowsProgramming,Win32_UI,Win32_UI_Shell,default (*)
tokio v1.50.0 bytes,default,fs,full,io-std,io-util,libc,macros,mio,net,parking_lot,process,rt,rt-multi-thread,signal,signal-hook-registry,socket2,sync,time,tokio-macros,windows-sys (*)
tokio-util v0.7.18 default,futures-util,io,io-util,rt (*)
typed-path v0.9.3 default,std
untrusted v0.7.1 
url v2.5.8 default,serde,std (*)
walkdir v2.5.0 
same-file v1.0.6 
winapi-util v0.1.11 
windows-sys v0.61.2 Wdk,Wdk_Foundation,Wdk_Storage,Wdk_Storage_FileSystem,Wdk_System,Wdk_System_IO,Win32,Win32_Foundation,Win32_Networking,Win32_Networking_WinSock,Win32_Security,Win32_Security_Cryptography,Win32_Storage,Win32_Storage_FileSystem,Win32_System,Win32_System_Com,Win32_System_Console,Win32_System_Diagnostics,Win32_System_Diagnostics_Debug,Win32_System_IO,Win32_System_Kernel,Win32_System_Memory,Win32_System_Pipes,Win32_System_SystemInformation,Win32_System_SystemServices,Win32_System_Threading,Win32_System_WindowsProgramming,Win32_UI,Win32_UI_Shell,default (*)
winapi-util v0.1.11  (*)
tracing v0.1.44 attributes,default,log,std,tracing-attributes (*)
url v2.5.8 default,serde,std (*)
webbrowser v1.2.2 
log v0.4.29 std
url v2.5.8 default,serde,std (*)
x509-cert v0.2.5 builder,default,pem,sct,sha1,signature,std
const-oid v0.9.6 db,std
der v0.7.10 alloc,derive,flagset,oid,pem,std,zeroize (*)
sha1 v0.10.6 default,std
cfg-if v1.0.4 
cpufeatures v0.2.17 
digest v0.10.7 alloc,block-buffer,const-oid,core-api,default,mac,oid,std,subtle (*)
signature v2.2.0 alloc,digest,rand_core,std (*)
spki v0.7.3 alloc,pem,std (*)
tls_codec v0.4.2 derive,std,tls_codec_derive (*)
zeroize v1.9.0 alloc,default,derive,serde,zeroize_derive (*)
sigstore_protobuf_specs v0.5.1  (*)
thiserror v1.0.69  (*)
tokio v1.50.0 bytes,default,fs,full,io-std,io-util,libc,macros,mio,net,parking_lot,process,rt,rt-multi-thread,signal,signal-hook-registry,socket2,sync,time,tokio-macros,windows-sys (*)
toml v0.8.23 default,display,parse
serde v1.0.228 alloc,default,derive,rc,serde_derive,std (*)
serde_spanned v0.6.9 serde
serde v1.0.228 alloc,default,derive,rc,serde_derive,std (*)
toml_datetime v0.6.11 serde
serde v1.0.228 alloc,default,derive,rc,serde_derive,std (*)
toml_edit v0.22.27 display,parse,serde
indexmap v2.14.1 default,serde,std
equivalent v1.0.2 
hashbrown v0.17.0 allocator-api2,default,default-hasher,equivalent,inline-more,raw-entry,serde
allocator-api2 v0.2.21 alloc
equivalent v1.0.2 
foldhash v0.2.0 
serde_core v1.0.228 alloc,default,rc,result,std
serde_core v1.0.228 alloc,default,rc,result,std
serde v1.0.228 alloc,default,derive,rc,serde_derive,std (*)
serde_spanned v0.6.9 serde (*)
toml_datetime v0.6.11 serde (*)
toml_write v0.1.2 alloc,default,std
winnow v0.7.15 alloc,default,std
tough v0.22.0  (*)
url v2.5.8 default,serde,std (*)
x509-cert v0.2.5 builder,default,pem,sct,sha1,signature,std (*)
chio-core-types v0.1.0 (/Users/connor/Medica/backbay/standalone/arc/.worktrees/kernel-release-audit-20260909/crates/core/chio-core-types) default,delegation,std (*)
chio-lineage v0.1.0 (/Users/connor/Medica/backbay/standalone/arc/.worktrees/kernel-release-audit-20260909/crates/observability/chio-lineage) 
chio-core-types v0.1.0 (/Users/connor/Medica/backbay/standalone/arc/.worktrees/kernel-release-audit-20260909/crates/core/chio-core-types) default,delegation,std (*)
serde v1.0.228 alloc,default,derive,rc,serde_derive,std (*)
serde_json v1.0.149 alloc,default,float_roundtrip,raw_value,std (*)
thiserror v1.0.69  (*)
chrono v0.4.44 alloc,clock,default,iana-time-zone,js-sys,now,oldtime,serde,std,wasm-bindgen,wasmbind,winapi,windows-link (*)
hex v0.4.3 alloc,default,std
serde v1.0.228 alloc,default,derive,rc,serde_derive,std (*)
serde_json v1.0.149 alloc,default,float_roundtrip,raw_value,std (*)
sha2 v0.10.9 default,oid,std (*)
thiserror v1.0.69  (*)
chrono v0.4.44 alloc,clock,default,iana-time-zone,js-sys,now,oldtime,serde,std,wasm-bindgen,wasmbind,winapi,windows-link (*)
dashmap v6.1.0 
cfg-if v1.0.4 
crossbeam-utils v0.8.21 default,std
hashbrown v0.14.5 raw
lock_api v0.4.14 atomic_usize,default (*)
once_cell v1.21.4 alloc,default,race,std
parking_lot_core v0.9.12  (*)
futures v0.3.32 alloc,async-await,default,executor,futures-executor,std (*)
lru v0.18.2 default,hashbrown
hashbrown v0.17.0 allocator-api2,default,default-hasher,equivalent,inline-more,raw-entry,serde (*)
rand v0.8.6 alloc,default,getrandom,libc,rand_chacha,std,std_rng (*)
regex v1.12.3 default,perf,perf-backtrack,perf-cache,perf-dfa,perf-inline,perf-literal,perf-onepass,std,unicode,unicode-age,unicode-bool,unicode-case,unicode-gencat,unicode-perl,unicode-script,unicode-segment (*)
rusqlite v0.39.0 bundled,cache,default,hashlink,modern_sqlite (*)
serde v1.0.228 alloc,default,derive,rc,serde_derive,std (*)
serde_json v1.0.149 alloc,default,float_roundtrip,raw_value,std (*)
thiserror v1.0.69  (*)
tokio v1.50.0 bytes,default,fs,full,io-std,io-util,libc,macros,mio,net,parking_lot,process,rt,rt-multi-thread,signal,signal-hook-registry,socket2,sync,time,tokio-macros,windows-sys (*)
tracing v0.1.44 attributes,default,log,std,tracing-attributes (*)
ureq v2.12.1 default,gzip,json,tls
base64 v0.22.1 alloc,default,std
flate2 v1.1.9 any_impl,default,miniz_oxide,rust_backend
crc32fast v1.5.0 default,std
cfg-if v1.0.4 
miniz_oxide v0.8.9 simd,simd-adler32,with-alloc
adler2 v2.0.1 
simd-adler32 v0.3.8 
log v0.4.29 std
once_cell v1.21.4 alloc,default,race,std
rustls v0.23.37 aws-lc-rs,aws_lc_rs,default,log,logging,prefer-post-quantum,ring,std,tls12 (*)
rustls-pki-types v1.14.0 alloc,default,std (*)
serde v1.0.228 alloc,default,derive,rc,serde_derive,std (*)
serde_json v1.0.149 alloc,default,float_roundtrip,raw_value,std (*)
url v2.5.8 default,serde,std (*)
webpki-roots v0.26.11 
webpki-roots v1.0.6  (*)
url v2.5.8 default,serde,std (*)
uuid v1.22.0 default,fast-rng,rng,serde,std,v4,v7 (*)
chio-manifest v0.1.0 (/Users/connor/Medica/backbay/standalone/arc/.worktrees/kernel-release-audit-20260909/crates/platform/chio-manifest) 
chio-core v0.1.0 (/Users/connor/Medica/backbay/standalone/arc/.worktrees/kernel-release-audit-20260909/crates/core/chio-core) default (*)
serde v1.0.228 alloc,default,derive,rc,serde_derive,std (*)
serde_json v1.0.149 alloc,default,float_roundtrip,raw_value,std (*)
thiserror v1.0.69  (*)
futures v0.3.32 alloc,async-await,default,executor,futures-executor,std (*)
serde v1.0.228 alloc,default,derive,rc,serde_derive,std (*)
serde_json v1.0.149 alloc,default,float_roundtrip,raw_value,std (*)
thiserror v1.0.69  (*)
tokio v1.50.0 bytes,default,fs,full,io-std,io-util,libc,macros,mio,net,parking_lot,process,rt,rt-multi-thread,signal,signal-hook-registry,socket2,sync,time,tokio-macros,windows-sys (*)
chio-kernel v0.1.0 (/Users/connor/Medica/backbay/standalone/arc/.worktrees/kernel-release-audit-20260909/crates/kernel/chio-kernel) default,delegation,finding-market (*)
serde v1.0.228 alloc,default,derive,rc,serde_derive,std (*)
serde_json v1.0.149 alloc,default,float_roundtrip,raw_value,std (*)
sha2 v0.10.9 default,oid,std (*)
thiserror v1.0.69  (*)
tracing v0.1.44 attributes,default,log,std,tracing-attributes (*)
chio-api-protect v0.1.0 (/Users/connor/Medica/backbay/standalone/arc/.worktrees/kernel-release-audit-20260909/crates/products/chio-api-protect) 
async-trait v0.1.89 (proc-macro)  (*)
axum v0.8.8 default,form,http1,json,matched-path,original-uri,query,tokio,tower-log,tracing (*)
chio-control-plane v0.1.0 (/Users/connor/Medica/backbay/standalone/arc/.worktrees/kernel-release-audit-20260909/crates/platform/chio-control-plane) default
async-trait v0.1.89 (proc-macro)  (*)
axum v0.8.8 default,form,http1,json,matched-path,original-uri,query,tokio,tower-log,tracing (*)
base64 v0.22.1 alloc,default,std
chio-agent-web-interop v0.1.0 (/Users/connor/Medica/backbay/standalone/arc/.worktrees/kernel-release-audit-20260909/crates/platform/chio-agent-web-interop) 
base64 v0.22.1 alloc,default,std
chio-commerce-order v0.1.0 (/Users/connor/Medica/backbay/standalone/arc/.worktrees/kernel-release-audit-20260909/crates/platform/chio-commerce-order) 
chio-core-types v0.1.0 (/Users/connor/Medica/backbay/standalone/arc/.worktrees/kernel-release-audit-20260909/crates/core/chio-core-types) default,delegation,std (*)
chio-risk-comptroller v0.1.0 (/Users/connor/Medica/backbay/standalone/arc/.worktrees/kernel-release-audit-20260909/crates/platform/chio-risk-comptroller) 
chio-core-types v0.1.0 (/Users/connor/Medica/backbay/standalone/arc/.worktrees/kernel-release-audit-20260909/crates/core/chio-core-types) default,delegation,std (*)
chio-transaction-passport v0.1.0 (/Users/connor/Medica/backbay/standalone/arc/.worktrees/kernel-release-audit-20260909/crates/platform/chio-transaction-passport) 
chio-core-types v0.1.0 (/Users/connor/Medica/backbay/standalone/arc/.worktrees/kernel-release-audit-20260909/crates/core/chio-core-types) default,delegation,std (*)
chio-finding v0.1.0 (/Users/connor/Medica/backbay/standalone/arc/.worktrees/kernel-release-audit-20260909/crates/economy/chio-finding)  (*)
chio-finding-verifier v0.1.0 (/Users/connor/Medica/backbay/standalone/arc/.worktrees/kernel-release-audit-20260909/crates/trust/chio-finding-verifier) 
chio-appraisal v0.1.0 (/Users/connor/Medica/backbay/standalone/arc/.worktrees/kernel-release-audit-20260909/crates/economy/chio-appraisal)  (*)
chio-core-types v0.1.0 (/Users/connor/Medica/backbay/standalone/arc/.worktrees/kernel-release-audit-20260909/crates/core/chio-core-types) default,delegation,std (*)
chio-finding v0.1.0 (/Users/connor/Medica/backbay/standalone/arc/.worktrees/kernel-release-audit-20260909/crates/economy/chio-finding)  (*)
chio-fiscal v0.1.0 (/Users/connor/Medica/backbay/standalone/arc/.worktrees/kernel-release-audit-20260909/crates/economy/chio-fiscal)  (*)
chio-kernel v0.1.0 (/Users/connor/Medica/backbay/standalone/arc/.worktrees/kernel-release-audit-20260909/crates/kernel/chio-kernel) default,delegation,finding-market (*)
serde v1.0.228 alloc,default,derive,rc,serde_derive,std (*)
serde_json v1.0.149 alloc,default,float_roundtrip,raw_value,std (*)
thiserror v1.0.69  (*)
chio-open-market v0.1.0 (/Users/connor/Medica/backbay/standalone/arc/.worktrees/kernel-release-audit-20260909/crates/economy/chio-open-market)  (*)
chrono v0.4.44 alloc,clock,default,iana-time-zone,js-sys,now,oldtime,serde,std,wasm-bindgen,wasmbind,winapi,windows-link (*)
hex v0.4.3 alloc,default,std
serde v1.0.228 alloc,default,derive,rc,serde_derive,std (*)
serde_json v1.0.149 alloc,default,float_roundtrip,raw_value,std (*)
sha2 v0.10.9 default,oid,std (*)
thiserror v1.0.69  (*)
chrono v0.4.44 alloc,clock,default,iana-time-zone,js-sys,now,oldtime,serde,std,wasm-bindgen,wasmbind,winapi,windows-link (*)
serde v1.0.228 alloc,default,derive,rc,serde_derive,std (*)
serde_json v1.0.149 alloc,default,float_roundtrip,raw_value,std (*)
chrono v0.4.44 alloc,clock,default,iana-time-zone,js-sys,now,oldtime,serde,std,wasm-bindgen,wasmbind,winapi,windows-link (*)
hex v0.4.3 alloc,default,std
serde v1.0.228 alloc,default,derive,rc,serde_derive,std (*)
serde_json v1.0.149 alloc,default,float_roundtrip,raw_value,std (*)
sha2 v0.10.9 default,oid,std (*)
thiserror v1.0.69  (*)
chio-core-types v0.1.0 (/Users/connor/Medica/backbay/standalone/arc/.worktrees/kernel-release-audit-20260909/crates/core/chio-core-types) default,delegation,std (*)
chio-transaction-passport v0.1.0 (/Users/connor/Medica/backbay/standalone/arc/.worktrees/kernel-release-audit-20260909/crates/platform/chio-transaction-passport)  (*)
hex v0.4.3 alloc,default,std
hmac v0.12.1 reset (*)
serde v1.0.228 alloc,default,derive,rc,serde_derive,std (*)
serde_json v1.0.149 alloc,default,float_roundtrip,raw_value,std (*)
sha2 v0.10.9 default,oid,std (*)
chio-appraisal v0.1.0 (/Users/connor/Medica/backbay/standalone/arc/.worktrees/kernel-release-audit-20260909/crates/economy/chio-appraisal)  (*)
chio-commerce-order v0.1.0 (/Users/connor/Medica/backbay/standalone/arc/.worktrees/kernel-release-audit-20260909/crates/platform/chio-commerce-order)  (*)
chio-conformance v0.1.0 (/Users/connor/Medica/backbay/standalone/arc/.worktrees/kernel-release-audit-20260909/crates/tooling/chio-conformance) default,in-repo-fixtures
async-trait v0.1.89 (proc-macro)  (*)
chio-core-types v0.1.0 (/Users/connor/Medica/backbay/standalone/arc/.worktrees/kernel-release-audit-20260909/crates/core/chio-core-types) default,delegation,std (*)
chio-kernel v0.1.0 (/Users/connor/Medica/backbay/standalone/arc/.worktrees/kernel-release-audit-20260909/crates/kernel/chio-kernel) default,delegation,finding-market (*)
chio-store-sqlite v0.1.0 (/Users/connor/Medica/backbay/standalone/arc/.worktrees/kernel-release-audit-20260909/crates/platform/chio-store-sqlite) default
chacha20poly1305 v0.10.1 alloc,default,getrandom,rand_core
aead v0.5.2 alloc,getrandom,rand_core (*)
chacha20 v0.9.1 zeroize
cfg-if v1.0.4 
cipher v0.4.4 block-padding,zeroize (*)
cpufeatures v0.2.17 
cipher v0.4.4 block-padding,zeroize (*)
poly1305 v0.8.0  (*)
zeroize v1.9.0 alloc,default,derive,serde,zeroize_derive (*)
chio-agent-web-interop v0.1.0 (/Users/connor/Medica/backbay/standalone/arc/.worktrees/kernel-release-audit-20260909/crates/platform/chio-agent-web-interop)  (*)
chio-core-types v0.1.0 (/Users/connor/Medica/backbay/standalone/arc/.worktrees/kernel-release-audit-20260909/crates/core/chio-core-types) default,delegation,std (*)
chio-credit v0.1.0 (/Users/connor/Medica/backbay/standalone/arc/.worktrees/kernel-release-audit-20260909/crates/economy/chio-credit) default (*)
chio-federation v0.1.0 (/Users/connor/Medica/backbay/standalone/arc/.worktrees/kernel-release-audit-20260909/crates/trust/chio-federation)  (*)
chio-federation-authority v0.1.0 (/Users/connor/Medica/backbay/standalone/arc/.worktrees/kernel-release-audit-20260909/crates/trust/chio-federation-authority) 
chio-attest-buyer-core v0.1.0 (/Users/connor/Medica/backbay/standalone/arc/.worktrees/kernel-release-audit-20260909/crates/trust/chio-attest-buyer-core) 
chio-core-types v0.1.0 (/Users/connor/Medica/backbay/standalone/arc/.worktrees/kernel-release-audit-20260909/crates/core/chio-core-types) default,delegation,std (*)
chio-federation v0.1.0 (/Users/connor/Medica/backbay/standalone/arc/.worktrees/kernel-release-audit-20260909/crates/trust/chio-federation)  (*)
chio-governance v0.1.0 (/Users/connor/Medica/backbay/standalone/arc/.worktrees/kernel-release-audit-20260909/crates/trust/chio-governance)  (*)
chio-selective-disclosure v0.1.0 (/Users/connor/Medica/backbay/standalone/arc/.worktrees/kernel-release-audit-20260909/crates/trust/chio-selective-disclosure) bbs,default
affinidi-bbs v0.1.0 
bls12_381_plus v0.8.13 alloc,bits,default,group,groups,hashing,pairing,pairings
arrayref v0.3.9 
elliptic-curve v0.13.8 alloc,arithmetic,default,digest,ecdh,ff,group,hash2curve,hazmat,pem,pkcs8,sec1,std (*)
ff v0.13.1 alloc,bits,bitvec,default,std (*)
group v0.13.0 alloc,default (*)
hex v0.4.3 alloc,default,std
pairing v0.23.0 
group v0.13.0 alloc,default (*)
rand_core v0.6.4 alloc,getrandom,std (*)
serde v1.0.228 alloc,default,derive,rc,serde_derive,std (*)
subtle v2.6.1 default,i128,std
zeroize v1.9.0 alloc,default,derive,serde,zeroize_derive (*)
elliptic-curve v0.13.8 alloc,arithmetic,default,digest,ecdh,ff,group,hash2curve,hazmat,pem,pkcs8,sec1,std (*)
ff v0.13.1 alloc,bits,bitvec,default,std (*)
group v0.13.0 alloc,default (*)
hex v0.4.3 alloc,default,std
rand v0.9.2 alloc,default,os_rng,small_rng,std,std_rng,thread_rng
rand_chacha v0.9.0 std
ppv-lite86 v0.2.21 simd,std (*)
rand_core v0.9.5 os_rng,std
getrandom v0.3.4 std
cfg-if v1.0.4 
rand_core v0.9.5 os_rng,std (*)
sha2 v0.10.9 default,oid,std (*)
thiserror v2.0.18 default,std (*)
zeroize v1.9.0 alloc,default,derive,serde,zeroize_derive (*)
chio-core-types v0.1.0 (/Users/connor/Medica/backbay/standalone/arc/.worktrees/kernel-release-audit-20260909/crates/core/chio-core-types) default,delegation,std (*)
chio-disclosure-lineage v0.1.0 (/Users/connor/Medica/backbay/standalone/arc/.worktrees/kernel-release-audit-20260909/crates/trust/chio-disclosure-lineage) 
chio-core-types v0.1.0 (/Users/connor/Medica/backbay/standalone/arc/.worktrees/kernel-release-audit-20260909/crates/core/chio-core-types) default,delegation,std (*)
serde v1.0.228 alloc,default,derive,rc,serde_derive,std (*)
thiserror v1.0.69  (*)
chio-workflow v0.1.0 (/Users/connor/Medica/backbay/standalone/arc/.worktrees/kernel-release-audit-20260909/crates/platform/chio-workflow) 
chio-core v0.1.0 (/Users/connor/Medica/backbay/standalone/arc/.worktrees/kernel-release-audit-20260909/crates/core/chio-core) default (*)
chio-workflow-preflight v0.1.0 (/Users/connor/Medica/backbay/standalone/arc/.worktrees/kernel-release-audit-20260909/crates/platform/chio-workflow-preflight) 
serde v1.0.228 alloc,default,derive,rc,serde_derive,std (*)
serde_json v1.0.149 alloc,default,float_roundtrip,raw_value,std (*)
thiserror v1.0.69  (*)
serde v1.0.228 alloc,default,derive,rc,serde_derive,std (*)
serde_json v1.0.149 alloc,default,float_roundtrip,raw_value,std (*)
thiserror v1.0.69  (*)
tracing v0.1.44 attributes,default,log,std,tracing-attributes (*)
hex v0.4.3 alloc,default,std
serde v1.0.228 alloc,default,derive,rc,serde_derive,std (*)
serde_json v1.0.149 alloc,default,float_roundtrip,raw_value,std (*)
sha2 v0.10.9 default,oid,std (*)
thiserror v1.0.69  (*)
chio-workflow v0.1.0 (/Users/connor/Medica/backbay/standalone/arc/.worktrees/kernel-release-audit-20260909/crates/platform/chio-workflow)  (*)
serde v1.0.228 alloc,default,derive,rc,serde_derive,std (*)
serde_json v1.0.149 alloc,default,float_roundtrip,raw_value,std (*)
thiserror v1.0.69  (*)
chio-core-types v0.1.0 (/Users/connor/Medica/backbay/standalone/arc/.worktrees/kernel-release-audit-20260909/crates/core/chio-core-types) default,delegation,std (*)
chio-federation v0.1.0 (/Users/connor/Medica/backbay/standalone/arc/.worktrees/kernel-release-audit-20260909/crates/trust/chio-federation)  (*)
chio-governance v0.1.0 (/Users/connor/Medica/backbay/standalone/arc/.worktrees/kernel-release-audit-20260909/crates/trust/chio-governance)  (*)
frost-core v3.0.0 internals,serde,serialization (*)
frost-ed25519 v3.0.0 serde,serialization (*)
hex v0.4.3 alloc,default,std
rand_core v0.6.4 alloc,getrandom,std (*)
serde v1.0.228 alloc,default,derive,rc,serde_derive,std (*)
serde_json v1.0.149 alloc,default,float_roundtrip,raw_value,std (*)
thiserror v1.0.69  (*)
zeroize v1.9.0 alloc,default,derive,serde,zeroize_derive (*)
chio-finding v0.1.0 (/Users/connor/Medica/backbay/standalone/arc/.worktrees/kernel-release-audit-20260909/crates/economy/chio-finding)  (*)
chio-fiscal v0.1.0 (/Users/connor/Medica/backbay/standalone/arc/.worktrees/kernel-release-audit-20260909/crates/economy/chio-fiscal)  (*)
chio-kernel v0.1.0 (/Users/connor/Medica/backbay/standalone/arc/.worktrees/kernel-release-audit-20260909/crates/kernel/chio-kernel) default,delegation,finding-market (*)
chio-kernel-core v0.1.0 (/Users/connor/Medica/backbay/standalone/arc/.worktrees/kernel-release-audit-20260909/crates/kernel/chio-kernel-core) default,revocation-view,std (*)
chio-settle v0.1.0 (/Users/connor/Medica/backbay/standalone/arc/.worktrees/kernel-release-audit-20260909/crates/economy/chio-settle) default,web3 (*)
chio-sqlite-file-identity v0.1.0 (/Users/connor/Medica/backbay/standalone/arc/.worktrees/kernel-release-audit-20260909/crates/platform/chio-sqlite-file-identity) 
libc v0.2.189 default,extra_traits,std
rusqlite v0.39.0 bundled,cache,default,hashlink,modern_sqlite (*)
chio-supervisor v0.1.0 (/Users/connor/Medica/backbay/standalone/arc/.worktrees/kernel-release-audit-20260909/crates/core/chio-supervisor)  (*)
chio-transaction-passport v0.1.0 (/Users/connor/Medica/backbay/standalone/arc/.worktrees/kernel-release-audit-20260909/crates/platform/chio-transaction-passport)  (*)
hex v0.4.3 alloc,default,std
hmac v0.12.1 reset (*)
libc v0.2.189 default,extra_traits,std
nix v0.31.2 default,dir,feature,fs,user
bitflags v2.11.0 
cfg-if v1.0.4 
libc v0.2.189 default,extra_traits,std
cfg_aliases v0.2.1 
r2d2 v0.8.10 
log v0.4.29 std
parking_lot v0.12.5 default (*)
scheduled-thread-pool v0.2.7 
parking_lot v0.12.5 default (*)
r2d2_sqlite v0.33.0 
r2d2 v0.8.10  (*)
rusqlite v0.39.0 bundled,cache,default,hashlink,modern_sqlite (*)
uuid v1.22.0 default,fast-rng,rng,serde,std,v4,v7 (*)
rand_core v0.6.4 alloc,getrandom,std (*)
rusqlite v0.39.0 bundled,cache,default,hashlink,modern_sqlite (*)
serde v1.0.228 alloc,default,derive,rc,serde_derive,std (*)
serde_json v1.0.149 alloc,default,float_roundtrip,raw_value,std (*)
sha2 v0.10.9 default,oid,std (*)
subtle v2.6.1 default,i128,std
thiserror v1.0.69  (*)
tracing v0.1.44 attributes,default,log,std,tracing-attributes (*)
uuid v1.22.0 default,fast-rng,rng,serde,std,v4,v7 (*)
zeroize v1.9.0 alloc,default,derive,serde,zeroize_derive (*)
chio-trace-validate v0.1.0 (/Users/connor/Medica/backbay/standalone/arc/.worktrees/kernel-release-audit-20260909/crates/tooling/chio-trace-validate) 
chio-core-types v0.1.0 (/Users/connor/Medica/backbay/standalone/arc/.worktrees/kernel-release-audit-20260909/crates/core/chio-core-types) default,delegation,std (*)
chio-kernel v0.1.0 (/Users/connor/Medica/backbay/standalone/arc/.worktrees/kernel-release-audit-20260909/crates/kernel/chio-kernel) default,delegation,finding-market (*)
clap v4.6.0 color,default,derive,env,error-context,help,std,suggestions,usage
clap_builder v4.6.0 color,env,error-context,help,std,suggestions,usage
anstream v1.0.0 auto,default,wincon
anstyle v1.0.14 default,std
anstyle-parse v1.0.0 default,utf8
utf8parse v0.2.2 default
anstyle-query v1.1.5 
windows-sys v0.61.2 Wdk,Wdk_Foundation,Wdk_Storage,Wdk_Storage_FileSystem,Wdk_System,Wdk_System_IO,Win32,Win32_Foundation,Win32_Networking,Win32_Networking_WinSock,Win32_Security,Win32_Security_Cryptography,Win32_Storage,Win32_Storage_FileSystem,Win32_System,Win32_System_Com,Win32_System_Console,Win32_System_Diagnostics,Win32_System_Diagnostics_Debug,Win32_System_IO,Win32_System_Kernel,Win32_System_Memory,Win32_System_Pipes,Win32_System_SystemInformation,Win32_System_SystemServices,Win32_System_Threading,Win32_System_WindowsProgramming,Win32_UI,Win32_UI_Shell,default (*)
anstyle-wincon v3.0.11 
anstyle v1.0.14 default,std
once_cell_polyfill v1.70.2 default
windows-sys v0.61.2 Wdk,Wdk_Foundation,Wdk_Storage,Wdk_Storage_FileSystem,Wdk_System,Wdk_System_IO,Win32,Win32_Foundation,Win32_Networking,Win32_Networking_WinSock,Win32_Security,Win32_Security_Cryptography,Win32_Storage,Win32_Storage_FileSystem,Win32_System,Win32_System_Com,Win32_System_Console,Win32_System_Diagnostics,Win32_System_Diagnostics_Debug,Win32_System_IO,Win32_System_Kernel,Win32_System_Memory,Win32_System_Pipes,Win32_System_SystemInformation,Win32_System_SystemServices,Win32_System_Threading,Win32_System_WindowsProgramming,Win32_UI,Win32_UI_Shell,default (*)
colorchoice v1.0.5 
is_terminal_polyfill v1.70.2 default
utf8parse v0.2.2 default
anstyle v1.0.14 default,std
clap_lex v1.1.0 
strsim v0.11.1 
clap_derive v4.6.0 (proc-macro) default
heck v0.5.0 
proc-macro2 v1.0.106 default,proc-macro (*)
quote v1.0.45 default,proc-macro (*)
syn v2.0.117 clone-impls,default,derive,extra-traits,fold,full,parsing,printing,proc-macro,visit,visit-mut (*)
serde v1.0.228 alloc,default,derive,rc,serde_derive,std (*)
serde_json v1.0.149 alloc,default,float_roundtrip,raw_value,std (*)
tempfile v3.27.0 default,getrandom (*)
thiserror v1.0.69  (*)
reqwest v0.13.2 __rustls,__rustls-aws-lc-rs,__tls,blocking,form,json,multipart,query,rustls,stream (*)
serde v1.0.228 alloc,default,derive,rc,serde_derive,std (*)
serde_json v1.0.149 alloc,default,float_roundtrip,raw_value,std (*)
tempfile v3.27.0 default,getrandom (*)
thiserror v1.0.69  (*)
tiny_http v0.12.0 default
ascii v1.1.0 alloc,default,std
chunked_transfer v1.5.0 
httpdate v1.0.3 
log v0.4.29 std
toml v0.8.23 default,display,parse (*)
chio-core v0.1.0 (/Users/connor/Medica/backbay/standalone/arc/.worktrees/kernel-release-audit-20260909/crates/core/chio-core) default (*)
chio-credentials v0.1.0 (/Users/connor/Medica/backbay/standalone/arc/.worktrees/kernel-release-audit-20260909/crates/trust/chio-credentials) 
base64 v0.22.1 alloc,default,std
chio-core v0.1.0 (/Users/connor/Medica/backbay/standalone/arc/.worktrees/kernel-release-audit-20260909/crates/core/chio-core) default (*)
chio-credit v0.1.0 (/Users/connor/Medica/backbay/standalone/arc/.worktrees/kernel-release-audit-20260909/crates/economy/chio-credit) default (*)
chio-did v0.1.0 (/Users/connor/Medica/backbay/standalone/arc/.worktrees/kernel-release-audit-20260909/crates/trust/chio-did)  (*)
chio-fincred v0.1.0 (/Users/connor/Medica/backbay/standalone/arc/.worktrees/kernel-release-audit-20260909/crates/economy/chio-fincred)  (*)
chio-reputation v0.1.0 (/Users/connor/Medica/backbay/standalone/arc/.worktrees/kernel-release-audit-20260909/crates/trust/chio-reputation) 
chio-core-types v0.1.0 (/Users/connor/Medica/backbay/standalone/arc/.worktrees/kernel-release-audit-20260909/crates/core/chio-core-types) default,delegation,std (*)
serde v1.0.228 alloc,default,derive,rc,serde_derive,std (*)
serde_json v1.0.149 alloc,default,float_roundtrip,raw_value,std (*)
thiserror v1.0.69  (*)
tracing v0.1.44 attributes,default,log,std,tracing-attributes (*)
chio-revocation-oracle v0.1.0 (/Users/connor/Medica/backbay/standalone/arc/.worktrees/kernel-release-audit-20260909/crates/trust/chio-revocation-oracle) default (*)
chrono v0.4.44 alloc,clock,default,iana-time-zone,js-sys,now,oldtime,serde,std,wasm-bindgen,wasmbind,winapi,windows-link (*)
rand_core v0.6.4 alloc,getrandom,std (*)
serde v1.0.228 alloc,default,derive,rc,serde_derive,std (*)
serde_json v1.0.149 alloc,default,float_roundtrip,raw_value,std (*)
sha2 v0.10.9 default,oid,std (*)
thiserror v1.0.69  (*)
chio-data-guards v0.1.0 (/Users/connor/Medica/backbay/standalone/arc/.worktrees/kernel-release-audit-20260909/crates/guards/chio-data-guards) 
chio-core v0.1.0 (/Users/connor/Medica/backbay/standalone/arc/.worktrees/kernel-release-audit-20260909/crates/core/chio-core) default (*)
chio-guards v0.1.0 (/Users/connor/Medica/backbay/standalone/arc/.worktrees/kernel-release-audit-20260909/crates/guards/chio-guards) 
async-trait v0.1.89 (proc-macro)  (*)
base64 v0.22.1 alloc,default,std
chio-core v0.1.0 (/Users/connor/Medica/backbay/standalone/arc/.worktrees/kernel-release-audit-20260909/crates/core/chio-core) default (*)
chio-http-session v0.1.0 (/Users/connor/Medica/backbay/standalone/arc/.worktrees/kernel-release-audit-20260909/crates/platform/chio-http-session) 
chio-bounded v0.1.0 (/Users/connor/Medica/backbay/standalone/arc/.worktrees/kernel-release-audit-20260909/crates/core/chio-bounded) 
chio-kernel v0.1.0 (/Users/connor/Medica/backbay/standalone/arc/.worktrees/kernel-release-audit-20260909/crates/kernel/chio-kernel) default,delegation,finding-market (*)
hex v0.4.3 alloc,default,std
serde v1.0.228 alloc,default,derive,rc,serde_derive,std (*)
serde_json v1.0.149 alloc,default,float_roundtrip,raw_value,std (*)
sha2 v0.10.9 default,oid,std (*)
thiserror v1.0.69  (*)
chio-kernel v0.1.0 (/Users/connor/Medica/backbay/standalone/arc/.worktrees/kernel-release-audit-20260909/crates/kernel/chio-kernel) default,delegation,finding-market (*)
glob v0.3.3 
lru v0.18.2 default,hashbrown (*)
rand v0.8.6 alloc,default,getrandom,libc,rand_chacha,std,std_rng (*)
regex v1.12.3 default,perf,perf-backtrack,perf-cache,perf-dfa,perf-inline,perf-literal,perf-onepass,std,unicode,unicode-age,unicode-bool,unicode-case,unicode-gencat,unicode-perl,unicode-script,unicode-segment (*)
serde v1.0.228 alloc,default,derive,rc,serde_derive,std (*)
serde_json v1.0.149 alloc,default,float_roundtrip,raw_value,std (*)
sha2 v0.10.9 default,oid,std (*)
thiserror v1.0.69  (*)
tokio v1.50.0 bytes,default,fs,full,io-std,io-util,libc,macros,mio,net,parking_lot,process,rt,rt-multi-thread,signal,signal-hook-registry,socket2,sync,time,tokio-macros,windows-sys (*)
tracing v0.1.44 attributes,default,log,std,tracing-attributes (*)
chio-kernel v0.1.0 (/Users/connor/Medica/backbay/standalone/arc/.worktrees/kernel-release-audit-20260909/crates/kernel/chio-kernel) default,delegation,finding-market (*)
chio-metering v0.1.0 (/Users/connor/Medica/backbay/standalone/arc/.worktrees/kernel-release-audit-20260909/crates/economy/chio-metering) 
chio-core v0.1.0 (/Users/connor/Medica/backbay/standalone/arc/.worktrees/kernel-release-audit-20260909/crates/core/chio-core) default (*)
chrono v0.4.44 alloc,clock,default,iana-time-zone,js-sys,now,oldtime,serde,std,wasm-bindgen,wasmbind,winapi,windows-link (*)
serde v1.0.228 alloc,default,derive,rc,serde_derive,std (*)
serde_json v1.0.149 alloc,default,float_roundtrip,raw_value,std (*)
thiserror v1.0.69  (*)
regex v1.12.3 default,perf,perf-backtrack,perf-cache,perf-dfa,perf-inline,perf-literal,perf-onepass,std,unicode,unicode-age,unicode-bool,unicode-case,unicode-gencat,unicode-perl,unicode-script,unicode-segment (*)
serde v1.0.228 alloc,default,derive,rc,serde_derive,std (*)
serde_json v1.0.149 alloc,default,float_roundtrip,raw_value,std (*)
sqlparser v0.61.0 default,recursive,recursive-protection,std
log v0.4.29 std
recursive v0.1.1 
recursive-proc-macro-impl v0.1.1 (proc-macro) 
quote v1.0.45 default,proc-macro (*)
syn v2.0.117 clone-impls,default,derive,extra-traits,fold,full,parsing,printing,proc-macro,visit,visit-mut (*)
stacker v0.1.23 
cfg-if v1.0.4 
libc v0.2.189 default,extra_traits,std
psm v0.1.30 
ar_archive_writer v0.5.1 
object v0.37.3 archive,coff,elf,macho,pe,read,read_core,std,unaligned,xcoff
memchr v2.8.0 alloc,default,std
cc v1.2.57 parallel (*)
windows-sys v0.59.0 Win32,Win32_Foundation,Win32_System,Win32_System_Memory,Win32_System_Threading,default
windows-targets v0.52.6 
windows_x86_64_msvc v0.52.6 
cc v1.2.57 parallel (*)
thiserror v1.0.69  (*)
tracing v0.1.44 attributes,default,log,std,tracing-attributes (*)
chio-did v0.1.0 (/Users/connor/Medica/backbay/standalone/arc/.worktrees/kernel-release-audit-20260909/crates/trust/chio-did)  (*)
chio-egress-contract v0.1.0 (/Users/connor/Medica/backbay/standalone/arc/.worktrees/kernel-release-audit-20260909/crates/protocol/chio-egress-contract) default,reqwest-egress (*)
chio-enterprise-export v0.1.0 (/Users/connor/Medica/backbay/standalone/arc/.worktrees/kernel-release-audit-20260909/crates/platform/chio-enterprise-export) 
chio-core-types v0.1.0 (/Users/connor/Medica/backbay/standalone/arc/.worktrees/kernel-release-audit-20260909/crates/core/chio-core-types) default,delegation,std (*)
chio-risk-comptroller v0.1.0 (/Users/connor/Medica/backbay/standalone/arc/.worktrees/kernel-release-audit-20260909/crates/platform/chio-risk-comptroller)  (*)
chio-transaction-passport v0.1.0 (/Users/connor/Medica/backbay/standalone/arc/.worktrees/kernel-release-audit-20260909/crates/platform/chio-transaction-passport)  (*)
chrono v0.4.44 alloc,clock,default,iana-time-zone,js-sys,now,oldtime,serde,std,wasm-bindgen,wasmbind,winapi,windows-link (*)
serde v1.0.228 alloc,default,derive,rc,serde_derive,std (*)
serde_json v1.0.149 alloc,default,float_roundtrip,raw_value,std (*)
chio-errors v0.1.0 (/Users/connor/Medica/backbay/standalone/arc/.worktrees/kernel-release-audit-20260909/crates/core/chio-errors) 
serde v1.0.228 alloc,default,derive,rc,serde_derive,std (*)
thiserror v1.0.69  (*)
chio-external-guards v0.1.0 (/Users/connor/Medica/backbay/standalone/arc/.worktrees/kernel-release-audit-20260909/crates/guards/chio-external-guards) 
async-trait v0.1.89 (proc-macro)  (*)
base64 v0.22.1 alloc,default,std
chio-core-types v0.1.0 (/Users/connor/Medica/backbay/standalone/arc/.worktrees/kernel-release-audit-20260909/crates/core/chio-core-types) default,delegation,std (*)
chio-egress-contract v0.1.0 (/Users/connor/Medica/backbay/standalone/arc/.worktrees/kernel-release-audit-20260909/crates/protocol/chio-egress-contract) default,reqwest-egress (*)
chio-guards v0.1.0 (/Users/connor/Medica/backbay/standalone/arc/.worktrees/kernel-release-audit-20260909/crates/guards/chio-guards)  (*)
chio-kernel v0.1.0 (/Users/connor/Medica/backbay/standalone/arc/.worktrees/kernel-release-audit-20260909/crates/kernel/chio-kernel) default,delegation,finding-market (*)
reqwest v0.13.2 __rustls,__rustls-aws-lc-rs,__tls,blocking,form,json,multipart,query,rustls,stream (*)
serde v1.0.228 alloc,default,derive,rc,serde_derive,std (*)
serde_json v1.0.149 alloc,default,float_roundtrip,raw_value,std (*)
sha2 v0.10.9 default,oid,std (*)
tokio v1.50.0 bytes,default,fs,full,io-std,io-util,libc,macros,mio,net,parking_lot,process,rt,rt-multi-thread,signal,signal-hook-registry,socket2,sync,time,tokio-macros,windows-sys (*)
tracing v0.1.44 attributes,default,log,std,tracing-attributes (*)
url v2.5.8 default,serde,std (*)
zeroize v1.9.0 alloc,default,derive,serde,zeroize_derive (*)
chio-federation v0.1.0 (/Users/connor/Medica/backbay/standalone/arc/.worktrees/kernel-release-audit-20260909/crates/trust/chio-federation)  (*)
chio-finding v0.1.0 (/Users/connor/Medica/backbay/standalone/arc/.worktrees/kernel-release-audit-20260909/crates/economy/chio-finding)  (*)
chio-finding-challenge v0.1.0 (/Users/connor/Medica/backbay/standalone/arc/.worktrees/kernel-release-audit-20260909/crates/trust/chio-finding-challenge) 
chio-core-types v0.1.0 (/Users/connor/Medica/backbay/standalone/arc/.worktrees/kernel-release-audit-20260909/crates/core/chio-core-types) default,delegation,std (*)
chio-finding v0.1.0 (/Users/connor/Medica/backbay/standalone/arc/.worktrees/kernel-release-audit-20260909/crates/economy/chio-finding)  (*)
chio-finding-verifier v0.1.0 (/Users/connor/Medica/backbay/standalone/arc/.worktrees/kernel-release-audit-20260909/crates/trust/chio-finding-verifier)  (*)
chio-kernel v0.1.0 (/Users/connor/Medica/backbay/standalone/arc/.worktrees/kernel-release-audit-20260909/crates/kernel/chio-kernel) default,delegation,finding-market (*)
chio-open-market v0.1.0 (/Users/connor/Medica/backbay/standalone/arc/.worktrees/kernel-release-audit-20260909/crates/economy/chio-open-market)  (*)
serde v1.0.228 alloc,default,derive,rc,serde_derive,std (*)
serde_json v1.0.149 alloc,default,float_roundtrip,raw_value,std (*)
thiserror v1.0.69  (*)
chio-finding-hosted-edge v0.1.0 (/Users/connor/Medica/backbay/standalone/arc/.worktrees/kernel-release-audit-20260909/crates/platform/chio-finding-hosted-edge) 
arc-swap v1.9.1  (*)
async-trait v0.1.89 (proc-macro)  (*)
axum v0.8.8 default,form,http1,json,matched-path,original-uri,query,tokio,tower-log,tracing (*)
base64 v0.22.1 alloc,default,std
chio-core-types v0.1.0 (/Users/connor/Medica/backbay/standalone/arc/.worktrees/kernel-release-audit-20260909/crates/core/chio-core-types) default,delegation,std (*)
chio-finding v0.1.0 (/Users/connor/Medica/backbay/standalone/arc/.worktrees/kernel-release-audit-20260909/crates/economy/chio-finding)  (*)
chio-finding-market-port v0.1.0 (/Users/connor/Medica/backbay/standalone/arc/.worktrees/kernel-release-audit-20260909/crates/platform/chio-finding-market-port) 
async-trait v0.1.89 (proc-macro)  (*)
chio-core-types v0.1.0 (/Users/connor/Medica/backbay/standalone/arc/.worktrees/kernel-release-audit-20260909/crates/core/chio-core-types) default,delegation,std (*)
serde v1.0.228 alloc,default,derive,rc,serde_derive,std (*)
serde_json v1.0.149 alloc,default,float_roundtrip,raw_value,std (*)
thiserror v1.0.69  (*)
chio-kernel v0.1.0 (/Users/connor/Medica/backbay/standalone/arc/.worktrees/kernel-release-audit-20260909/crates/kernel/chio-kernel) default,delegation,finding-market (*)
chio-metrics-spec v0.1.0 (/Users/connor/Medica/backbay/standalone/arc/.worktrees/kernel-release-audit-20260909/crates/observability/chio-metrics-spec) 
hex v0.4.3 alloc,default,std
hmac v0.12.1 reset (*)
libc v0.2.189 default,extra_traits,std
rand_core v0.6.4 alloc,getrandom,std (*)
rustls v0.23.37 aws-lc-rs,aws_lc_rs,default,log,logging,prefer-post-quantum,ring,std,tls12 (*)
rustls-webpki v0.103.13 alloc,aws-lc-rs,ring,std (*)
serde v1.0.228 alloc,default,derive,rc,serde_derive,std (*)
serde_json v1.0.149 alloc,default,float_roundtrip,raw_value,std (*)
sha2 v0.10.9 default,oid,std (*)
subtle v2.6.1 default,i128,std
thiserror v1.0.69  (*)
tokio v1.50.0 bytes,default,fs,full,io-std,io-util,libc,macros,mio,net,parking_lot,process,rt,rt-multi-thread,signal,signal-hook-registry,socket2,sync,time,tokio-macros,windows-sys (*)
tower v0.5.3 buffer,futures-core,futures-util,limit,load-shed,log,make,pin-project-lite,retry,sync_wrapper,timeout,tokio,tokio-util,tracing,util (*)
url v2.5.8 default,serde,std (*)
x509-parser v0.16.0 default,ring,verify (*)
zeroize v1.9.0 alloc,default,derive,serde,zeroize_derive (*)
chio-finding-market-store-postgres v0.1.0 (/Users/connor/Medica/backbay/standalone/arc/.worktrees/kernel-release-audit-20260909/crates/platform/chio-finding-market-store-postgres) 
async-trait v0.1.89 (proc-macro)  (*)
chio-core-types v0.1.0 (/Users/connor/Medica/backbay/standalone/arc/.worktrees/kernel-release-audit-20260909/crates/core/chio-core-types) default,delegation,std (*)
chio-finding v0.1.0 (/Users/connor/Medica/backbay/standalone/arc/.worktrees/kernel-release-audit-20260909/crates/economy/chio-finding)  (*)
chio-finding-market-migrations v0.1.0 (/Users/connor/Medica/backbay/standalone/arc/.worktrees/kernel-release-audit-20260909/crates/platform/chio-finding-market-migrations) 
sqlx-core v0.8.6 _rt-tokio,_tls-rustls,_tls-rustls-ring-webpki,crc,default,json,migrate,offline,rustls,serde,serde_json,sha2,tokio,tokio-stream,webpki-roots
base64 v0.22.1 alloc,default,std
bytes v1.11.1 default,serde,std (*)
crc v3.4.0 
crc-catalog v2.4.0 
crossbeam-queue v0.3.13 alloc,default,std
crossbeam-utils v0.8.21 default,std
either v1.15.0 default,serde,std,use_std (*)
event-listener v5.4.2 default,parking,std
parking v2.2.1 
pin-project-lite v0.2.17 
futures-core v0.3.32 alloc,default,std
futures-intrusive v0.5.0 alloc,default,parking_lot,std
futures-core v0.3.32 alloc,default,std
lock_api v0.4.14 atomic_usize,default (*)
parking_lot v0.12.5 default (*)
futures-io v0.3.32 default,std
futures-util v0.3.32 alloc,async-await,async-await-macro,channel,default,futures-channel,futures-io,futures-macro,futures-sink,io,memchr,sink,slab,std (*)
hashbrown v0.15.5 allocator-api2,default,default-hasher,equivalent,inline-more,raw-entry,serde
allocator-api2 v0.2.21 alloc
equivalent v1.0.2 
foldhash v0.1.5 
serde v1.0.228 alloc,default,derive,rc,serde_derive,std (*)
hashlink v0.10.0 
hashbrown v0.15.5 allocator-api2,default,default-hasher,equivalent,inline-more,raw-entry,serde (*)
indexmap v2.14.1 default,serde,std (*)
log v0.4.29 std
memchr v2.8.0 alloc,default,std
once_cell v1.21.4 alloc,default,race,std
percent-encoding v2.3.2 alloc,default,std
rustls v0.23.37 aws-lc-rs,aws_lc_rs,default,log,logging,prefer-post-quantum,ring,std,tls12 (*)
serde v1.0.228 alloc,default,derive,rc,serde_derive,std (*)
serde_json v1.0.149 alloc,default,float_roundtrip,raw_value,std (*)
sha2 v0.10.9 default,oid,std (*)
smallvec v1.15.1 const_generics,const_new,serde,union (*)
thiserror v2.0.18 default,std (*)
tokio v1.50.0 bytes,default,fs,full,io-std,io-util,libc,macros,mio,net,parking_lot,process,rt,rt-multi-thread,signal,signal-hook-registry,socket2,sync,time,tokio-macros,windows-sys (*)
tokio-stream v0.1.18 default,fs,time
futures-core v0.3.32 alloc,default,std
pin-project-lite v0.2.17 
tokio v1.50.0 bytes,default,fs,full,io-std,io-util,libc,macros,mio,net,parking_lot,process,rt,rt-multi-thread,signal,signal-hook-registry,socket2,sync,time,tokio-macros,windows-sys (*)
tracing v0.1.44 attributes,default,log,std,tracing-attributes (*)
url v2.5.8 default,serde,std (*)
webpki-roots v0.26.11  (*)
sqlx-macros v0.8.6 (proc-macro) migrate
proc-macro2 v1.0.106 default,proc-macro (*)
quote v1.0.45 default,proc-macro (*)
sqlx-core v0.8.6 any,crc,default,migrate,offline,serde,sha2
base64 v0.22.1 alloc,std
bytes v1.11.1 default,serde,std (*)
crc v3.4.0 
crc-catalog v2.4.0 
crossbeam-queue v0.3.13 alloc,default,std
crossbeam-utils v0.8.21 std
either v1.15.0 default,serde,std,use_std (*)
event-listener v5.4.2 default,parking,std
parking v2.2.1 
pin-project-lite v0.2.17 
futures-core v0.3.32 alloc,std
futures-intrusive v0.5.0 alloc,default,parking_lot,std
futures-core v0.3.32 alloc,std
lock_api v0.4.14 atomic_usize,default
scopeguard v1.2.0 
parking_lot v0.12.5 default
lock_api v0.4.14 atomic_usize,default (*)
parking_lot_core v0.9.12 
cfg-if v1.0.4 
libc v0.2.189 default,std
smallvec v1.15.1 const_generics
futures-io v0.3.32 default,std
futures-util v0.3.32 alloc,futures-io,futures-sink,io,memchr,sink,slab,std
futures-core v0.3.32 alloc,std
futures-io v0.3.32 default,std
futures-sink v0.3.32 
futures-task v0.3.32 alloc,std
memchr v2.8.0 alloc,default,std
pin-project-lite v0.2.17 
slab v0.4.12 std
hashbrown v0.15.5 allocator-api2,default,default-hasher,equivalent,inline-more,raw-entry (*)
hashlink v0.10.0 
hashbrown v0.15.5 allocator-api2,default,default-hasher,equivalent,inline-more,raw-entry (*)
indexmap v2.14.1 default,serde,std (*)
log v0.4.29 
memchr v2.8.0 alloc,default,std
once_cell v1.21.4 alloc,default,race,std
percent-encoding v2.3.2 alloc,default,std
serde v1.0.228 alloc,default,derive,rc,serde_derive,std (*)
sha2 v0.10.9 default,std
cfg-if v1.0.4 
cpufeatures v0.2.17  (*)
digest v0.10.7 alloc,block-buffer,core-api,default,std (*)
smallvec v1.15.1 const_generics
thiserror v2.0.18 default,std
thiserror-impl v2.0.18 (proc-macro)  (*)
tracing v0.1.44 attributes,default,log,std,tracing-attributes
log v0.4.29 
pin-project-lite v0.2.17 
tracing-attributes v0.1.31 (proc-macro)  (*)
tracing-core v0.1.36 once_cell,std
once_cell v1.21.4 alloc,default,race,std
url v2.5.8 default,std
form_urlencoded v1.2.2 alloc,std
percent-encoding v2.3.2 alloc,default,std
idna v1.1.0 alloc,compiled_data,std
idna_adapter v1.2.1 compiled_data
icu_normalizer v2.1.1 compiled_data
icu_collections v2.1.1 
displaydoc v0.2.5 (proc-macro) default,std (*)
potential_utf v0.1.4 zerovec
zerovec v0.11.5 derive,yoke
yoke v0.8.1 derive,zerofrom
stable_deref_trait v1.2.1 
yoke-derive v0.8.1 (proc-macro)  (*)
zerofrom v0.1.6 derive
zerofrom-derive v0.1.6 (proc-macro)  (*)
zerofrom v0.1.6 derive (*)
zerovec-derive v0.11.2 (proc-macro)  (*)
yoke v0.8.1 derive,zerofrom (*)
zerofrom v0.1.6 derive (*)
zerovec v0.11.5 derive,yoke (*)
icu_normalizer_data v2.1.1 
icu_provider v2.1.1 baked
displaydoc v0.2.5 (proc-macro) default,std (*)
icu_locale_core v2.1.1 zerovec
displaydoc v0.2.5 (proc-macro) default,std (*)
litemap v0.8.1 
tinystr v0.8.2 zerovec
displaydoc v0.2.5 (proc-macro) default,std (*)
zerovec v0.11.5 derive,yoke (*)
writeable v0.6.2 
zerovec v0.11.5 derive,yoke (*)
writeable v0.6.2 
yoke v0.8.1 derive,zerofrom (*)
zerofrom v0.1.6 derive (*)
zerotrie v0.2.3 yoke,zerofrom
displaydoc v0.2.5 (proc-macro) default,std (*)
yoke v0.8.1 derive,zerofrom (*)
zerofrom v0.1.6 derive (*)
zerovec v0.11.5 derive,yoke (*)
smallvec v1.15.1 const_generics
zerovec v0.11.5 derive,yoke (*)
icu_properties v2.1.2 compiled_data
icu_collections v2.1.1  (*)
icu_locale_core v2.1.1 zerovec (*)
icu_properties_data v2.1.2 
icu_provider v2.1.1 baked (*)
zerotrie v0.2.3 yoke,zerofrom (*)
zerovec v0.11.5 derive,yoke (*)
smallvec v1.15.1 const_generics
utf8_iter v1.0.4 
percent-encoding v2.3.2 alloc,default,std
sqlx-macros-core v0.8.6 default,migrate
dotenvy v0.15.7 
either v1.15.0 default,serde,std,use_std (*)
heck v0.5.0 
hex v0.4.3 alloc,default,std
once_cell v1.21.4 alloc,default,race,std
proc-macro2 v1.0.106 default,proc-macro (*)
quote v1.0.45 default,proc-macro (*)
serde v1.0.228 alloc,default,derive,rc,serde_derive,std (*)
serde_json v1.0.149 alloc,default,std (*)
sha2 v0.10.9 default,std (*)
sqlx-core v0.8.6 any,crc,default,migrate,offline,serde,sha2 (*)
syn v2.0.117 clone-impls,default,derive,extra-traits,fold,full,parsing,printing,proc-macro,visit,visit-mut (*)
url v2.5.8 default,std (*)
syn v2.0.117 clone-impls,default,derive,extra-traits,fold,full,parsing,printing,proc-macro,visit,visit-mut (*)
sqlx-postgres v0.8.6 migrate
atoi v2.0.0 default,std
num-traits v0.2.19 default,i128,libm,std (*)
base64 v0.22.1 alloc,default,std
bitflags v2.11.0 
byteorder v1.5.0 std
crc v3.4.0  (*)
dotenvy v0.15.7 
etcetera v0.8.0 
cfg-if v1.0.4 
home v0.5.12 
windows-sys v0.61.2 Wdk,Wdk_Foundation,Wdk_Storage,Wdk_Storage_FileSystem,Wdk_System,Wdk_System_IO,Win32,Win32_Foundation,Win32_Networking,Win32_Networking_WinSock,Win32_Security,Win32_Security_Cryptography,Win32_Storage,Win32_Storage_FileSystem,Win32_System,Win32_System_Com,Win32_System_Console,Win32_System_Diagnostics,Win32_System_Diagnostics_Debug,Win32_System_IO,Win32_System_Kernel,Win32_System_Memory,Win32_System_Pipes,Win32_System_SystemInformation,Win32_System_SystemServices,Win32_System_Threading,Win32_System_WindowsProgramming,Win32_UI,Win32_UI_Shell,default (*)
windows-sys v0.48.0 Win32,Win32_Foundation,Win32_Security,Win32_Storage,Win32_Storage_FileSystem,Win32_System,Win32_System_IO,Win32_System_Threading,Win32_System_WindowsProgramming,Win32_UI,Win32_UI_Shell,default
windows-targets v0.48.5 
windows_x86_64_msvc v0.48.5 
futures-channel v0.3.32 alloc,default,futures-sink,sink,std (*)
futures-core v0.3.32 alloc,default,std
futures-util v0.3.32 alloc,async-await,async-await-macro,channel,default,futures-channel,futures-io,futures-macro,futures-sink,io,memchr,sink,slab,std (*)
hex v0.4.3 alloc,default,std
hkdf v0.12.4  (*)
hmac v0.12.1 reset (*)
home v0.5.12  (*)
itoa v1.0.17 
log v0.4.29 std
md-5 v0.10.6 
cfg-if v1.0.4 
digest v0.10.7 alloc,block-buffer,const-oid,core-api,default,mac,oid,std,subtle (*)
memchr v2.8.0 alloc,default,std
once_cell v1.21.4 alloc,default,race,std
rand v0.8.6 alloc,default,getrandom,libc,rand_chacha,std,std_rng (*)
serde v1.0.228 alloc,default,derive,rc,serde_derive,std (*)
serde_json v1.0.149 alloc,default,float_roundtrip,raw_value,std (*)
sha2 v0.10.9 default,oid,std (*)
smallvec v1.15.1 const_generics,const_new,serde,union (*)
sqlx-core v0.8.6 _rt-tokio,_tls-rustls,_tls-rustls-ring-webpki,crc,default,json,migrate,offline,rustls,serde,serde_json,sha2,tokio,tokio-stream,webpki-roots (*)
stringprep v0.1.5 
unicode-bidi v0.3.18 default,hardcoded-data,std
unicode-normalization v0.1.25 default,std (*)
unicode-properties v0.1.4 default,emoji,general-category
thiserror v2.0.18 default,std (*)
tracing v0.1.44 attributes,default,log,std,tracing-attributes (*)
whoami v1.6.1 
chio-finding-market-port v0.1.0 (/Users/connor/Medica/backbay/standalone/arc/.worktrees/kernel-release-audit-20260909/crates/platform/chio-finding-market-port)  (*)
chio-open-market v0.1.0 (/Users/connor/Medica/backbay/standalone/arc/.worktrees/kernel-release-audit-20260909/crates/economy/chio-open-market)  (*)
serde v1.0.228 alloc,default,derive,rc,serde_derive,std (*)
serde_json v1.0.149 alloc,default,float_roundtrip,raw_value,std (*)
sqlx v0.8.6 _rt-tokio,postgres,runtime-tokio,runtime-tokio-rustls,sqlx-postgres,tls-rustls-ring,tls-rustls-ring-webpki
sqlx-core v0.8.6 _rt-tokio,_tls-rustls,_tls-rustls-ring-webpki,crc,default,json,migrate,offline,rustls,serde,serde_json,sha2,tokio,tokio-stream,webpki-roots (*)
sqlx-postgres v0.8.6 migrate (*)
thiserror v1.0.69  (*)
tracing v0.1.44 attributes,default,log,std,tracing-attributes (*)
zeroize v1.9.0 alloc,default,derive,serde,zeroize_derive (*)
chio-finding-verifier v0.1.0 (/Users/connor/Medica/backbay/standalone/arc/.worktrees/kernel-release-audit-20260909/crates/trust/chio-finding-verifier)  (*)
chio-finding-worker v0.1.0 (/Users/connor/Medica/backbay/standalone/arc/.worktrees/kernel-release-audit-20260909/crates/platform/chio-finding-worker) 
chio-core-types v0.1.0 (/Users/connor/Medica/backbay/standalone/arc/.worktrees/kernel-release-audit-20260909/crates/core/chio-core-types) default,delegation,std (*)
chio-finding-market-store-postgres v0.1.0 (/Users/connor/Medica/backbay/standalone/arc/.worktrees/kernel-release-audit-20260909/crates/platform/chio-finding-market-store-postgres)  (*)
futures-util v0.3.32 alloc,async-await,async-await-macro,channel,default,futures-channel,futures-io,futures-macro,futures-sink,io,memchr,sink,slab,std (*)
libc v0.2.189 default,extra_traits,std
nix v0.31.2 default,dir,feature,fs,user (*)
serde v1.0.228 alloc,default,derive,rc,serde_derive,std (*)
serde_json v1.0.149 alloc,default,float_roundtrip,raw_value,std (*)
sha2 v0.10.9 default,oid,std (*)
thiserror v1.0.69  (*)
tokio v1.50.0 bytes,default,fs,full,io-std,io-util,libc,macros,mio,net,parking_lot,process,rt,rt-multi-thread,signal,signal-hook-registry,socket2,sync,time,tokio-macros,windows-sys (*)
tokio-util v0.7.18 default,futures-util,io,io-util,rt (*)
uuid v1.22.0 default,fast-rng,rng,serde,std,v4,v7 (*)
chio-fiscal v0.1.0 (/Users/connor/Medica/backbay/standalone/arc/.worktrees/kernel-release-audit-20260909/crates/economy/chio-fiscal)  (*)
chio-guards v0.1.0 (/Users/connor/Medica/backbay/standalone/arc/.worktrees/kernel-release-audit-20260909/crates/guards/chio-guards)  (*)
chio-http-serve v0.1.0 (/Users/connor/Medica/backbay/standalone/arc/.worktrees/kernel-release-audit-20260909/crates/protocol/chio-http-serve) 
axum v0.8.8 default,form,http1,json,matched-path,original-uri,query,tokio,tower-log,tracing (*)
thiserror v1.0.69  (*)
tokio v1.50.0 bytes,default,fs,full,io-std,io-util,libc,macros,mio,net,parking_lot,process,rt,rt-multi-thread,signal,signal-hook-registry,socket2,sync,time,tokio-macros,windows-sys (*)
tower v0.5.3 buffer,futures-core,futures-util,limit,load-shed,log,make,pin-project-lite,retry,sync_wrapper,timeout,tokio,tokio-util,tracing,util (*)
tower-http v0.6.8 default,follow-redirect,fs,futures-core,futures-util,httpdate,iri-string,mime,mime_guess,percent-encoding,set-header,set-status,timeout,tokio,tokio-util,tower,tracing (*)
tracing v0.1.44 attributes,default,log,std,tracing-attributes (*)
chio-kernel v0.1.0 (/Users/connor/Medica/backbay/standalone/arc/.worktrees/kernel-release-audit-20260909/crates/kernel/chio-kernel) default,delegation,finding-market (*)
chio-log-redact v0.1.0 (/Users/connor/Medica/backbay/standalone/arc/.worktrees/kernel-release-audit-20260909/crates/observability/chio-log-redact)  (*)
chio-mcp-adapter v0.1.0 (/Users/connor/Medica/backbay/standalone/arc/.worktrees/kernel-release-audit-20260909/crates/protocol/chio-mcp-adapter) 
async-trait v0.1.89 (proc-macro)  (*)
chio-core-types v0.1.0 (/Users/connor/Medica/backbay/standalone/arc/.worktrees/kernel-release-audit-20260909/crates/core/chio-core-types) default,delegation,std (*)
chio-kernel v0.1.0 (/Users/connor/Medica/backbay/standalone/arc/.worktrees/kernel-release-audit-20260909/crates/kernel/chio-kernel) default,delegation,finding-market (*)
chio-manifest v0.1.0 (/Users/connor/Medica/backbay/standalone/arc/.worktrees/kernel-release-audit-20260909/crates/platform/chio-manifest)  (*)
chio-mcp-edge v0.1.0 (/Users/connor/Medica/backbay/standalone/arc/.worktrees/kernel-release-audit-20260909/crates/protocol/chio-mcp-edge) 
chio-core-types v0.1.0 (/Users/connor/Medica/backbay/standalone/arc/.worktrees/kernel-release-audit-20260909/crates/core/chio-core-types) default,delegation,std (*)
chio-cross-protocol v0.1.0 (/Users/connor/Medica/backbay/standalone/arc/.worktrees/kernel-release-audit-20260909/crates/protocol/chio-cross-protocol)  (*)
chio-edge-metrics v0.1.0 (/Users/connor/Medica/backbay/standalone/arc/.worktrees/kernel-release-audit-20260909/crates/protocol/chio-edge-metrics) 
chio-kernel v0.1.0 (/Users/connor/Medica/backbay/standalone/arc/.worktrees/kernel-release-audit-20260909/crates/kernel/chio-kernel) default,delegation,finding-market (*)
chio-metrics-spec v0.1.0 (/Users/connor/Medica/backbay/standalone/arc/.worktrees/kernel-release-audit-20260909/crates/observability/chio-metrics-spec) 
chio-kernel v0.1.0 (/Users/connor/Medica/backbay/standalone/arc/.worktrees/kernel-release-audit-20260909/crates/kernel/chio-kernel) default,delegation,finding-market (*)
chio-manifest v0.1.0 (/Users/connor/Medica/backbay/standalone/arc/.worktrees/kernel-release-audit-20260909/crates/platform/chio-manifest)  (*)
chrono v0.4.44 alloc,clock,default,iana-time-zone,js-sys,now,oldtime,serde,std,wasm-bindgen,wasmbind,winapi,windows-link (*)
serde v1.0.228 alloc,default,derive,rc,serde_derive,std (*)
serde_json v1.0.149 alloc,default,float_roundtrip,raw_value,std (*)
thiserror v1.0.69  (*)
tokio v1.50.0 bytes,default,fs,full,io-std,io-util,libc,macros,mio,net,parking_lot,process,rt,rt-multi-thread,signal,signal-hook-registry,socket2,sync,time,tokio-macros,windows-sys (*)
uuid v1.22.0 default,fast-rng,rng,serde,std,v4,v7 (*)
chrono v0.4.44 alloc,clock,default,iana-time-zone,js-sys,now,oldtime,serde,std,wasm-bindgen,wasmbind,winapi,windows-link (*)
serde v1.0.228 alloc,default,derive,rc,serde_derive,std (*)
serde_json v1.0.149 alloc,default,float_roundtrip,raw_value,std (*)
tokio v1.50.0 bytes,default,fs,full,io-std,io-util,libc,macros,mio,net,parking_lot,process,rt,rt-multi-thread,signal,signal-hook-registry,socket2,sync,time,tokio-macros,windows-sys (*)
tracing v0.1.44 attributes,default,log,std,tracing-attributes (*)
url v2.5.8 default,serde,std (*)
chio-metrics-spec v0.1.0 (/Users/connor/Medica/backbay/standalone/arc/.worktrees/kernel-release-audit-20260909/crates/observability/chio-metrics-spec) 
chio-open-market v0.1.0 (/Users/connor/Medica/backbay/standalone/arc/.worktrees/kernel-release-audit-20260909/crates/economy/chio-open-market)  (*)
chio-policy v0.1.0 (/Users/connor/Medica/backbay/standalone/arc/.worktrees/kernel-release-audit-20260909/crates/guards/chio-policy) 
chio-appraisal v0.1.0 (/Users/connor/Medica/backbay/standalone/arc/.worktrees/kernel-release-audit-20260909/crates/economy/chio-appraisal)  (*)
chio-core v0.1.0 (/Users/connor/Medica/backbay/standalone/arc/.worktrees/kernel-release-audit-20260909/crates/core/chio-core) default (*)
chio-guards v0.1.0 (/Users/connor/Medica/backbay/standalone/arc/.worktrees/kernel-release-audit-20260909/crates/guards/chio-guards)  (*)
chio-kernel v0.1.0 (/Users/connor/Medica/backbay/standalone/arc/.worktrees/kernel-release-audit-20260909/crates/kernel/chio-kernel) default,delegation,finding-market (*)
chrono v0.4.44 alloc,clock,default,iana-time-zone,js-sys,now,oldtime,serde,std,wasm-bindgen,wasmbind,winapi,windows-link (*)
chrono-tz v0.10.4 default,std
chrono v0.4.44 alloc,clock,default,iana-time-zone,js-sys,now,oldtime,serde,std,wasm-bindgen,wasmbind,winapi,windows-link (*)
phf v0.12.1 
phf_shared v0.12.1 
siphasher v1.0.2 default,std
hex v0.4.3 alloc,default,std
regex v1.12.3 default,perf,perf-backtrack,perf-cache,perf-dfa,perf-inline,perf-literal,perf-onepass,std,unicode,unicode-age,unicode-bool,unicode-case,unicode-gencat,unicode-perl,unicode-script,unicode-segment (*)
serde v1.0.228 alloc,default,derive,rc,serde_derive,std (*)
serde_json v1.0.149 alloc,default,float_roundtrip,raw_value,std (*)
serde_yaml_ng v0.10.0 
indexmap v2.14.1 default,serde,std (*)
itoa v1.0.17 
ryu v1.0.23 
serde v1.0.228 alloc,default,derive,rc,serde_derive,std (*)
unsafe-libyaml v0.2.11 
sha2 v0.10.9 default,oid,std (*)
thiserror v1.0.69  (*)
uuid v1.22.0 default,fast-rng,rng,serde,std,v4,v7 (*)
chio-reputation v0.1.0 (/Users/connor/Medica/backbay/standalone/arc/.worktrees/kernel-release-audit-20260909/crates/trust/chio-reputation)  (*)
chio-revocation-oracle v0.1.0 (/Users/connor/Medica/backbay/standalone/arc/.worktrees/kernel-release-audit-20260909/crates/trust/chio-revocation-oracle) default (*)
chio-risk-comptroller v0.1.0 (/Users/connor/Medica/backbay/standalone/arc/.worktrees/kernel-release-audit-20260909/crates/platform/chio-risk-comptroller)  (*)
chio-settle v0.1.0 (/Users/connor/Medica/backbay/standalone/arc/.worktrees/kernel-release-audit-20260909/crates/economy/chio-settle) default,web3 (*)
chio-signing-remote v0.1.0 (/Users/connor/Medica/backbay/standalone/arc/.worktrees/kernel-release-audit-20260909/crates/trust/chio-signing-remote) 
base64 v0.22.1 alloc,default,std
chio-core v0.1.0 (/Users/connor/Medica/backbay/standalone/arc/.worktrees/kernel-release-audit-20260909/crates/core/chio-core) default (*)
serde v1.0.228 alloc,default,derive,rc,serde_derive,std (*)
serde_json v1.0.149 alloc,default,float_roundtrip,raw_value,std (*)
ureq v2.12.1 default,gzip,json,tls (*)
url v2.5.8 default,serde,std (*)
chio-spec-validate v0.1.0 (/Users/connor/Medica/backbay/standalone/arc/.worktrees/kernel-release-audit-20260909/crates/tooling/chio-spec-validate) 
jsonschema v0.46.0 resolve-file
ahash v0.8.12 default,getrandom,runtime-rng,serde,std
cfg-if v1.0.4 
getrandom v0.3.4 std (*)
once_cell v1.21.4 alloc,default,race,std
serde v1.0.228 alloc,default,derive,rc,serde_derive,std (*)
zerocopy v0.8.42 derive,simd,zerocopy-derive (*)
version_check v0.9.5 
bytecount v0.6.9 runtime-dispatch-simd
data-encoding v2.11.0 alloc,default,std
email_address v0.2.9 default,serde,serde_support
serde v1.0.228 alloc,default,derive,rc,serde_derive,std (*)
fancy-regex v0.17.0 default,perf,std,unicode,variable-lookbehinds
bit-set v0.8.0 std
bit-vec v0.8.0 std
regex-automata v0.4.14 alloc,dfa,dfa-build,dfa-onepass,dfa-search,hybrid,meta,nfa,nfa-backtrack,nfa-pikevm,nfa-thompson,perf,perf-inline,perf-literal,perf-literal-multisubstring,perf-literal-substring,std,syntax,unicode,unicode-age,unicode-bool,unicode-case,unicode-gencat,unicode-perl,unicode-script,unicode-segment,unicode-word-boundary (*)
regex-syntax v0.8.10 default,std,unicode,unicode-age,unicode-bool,unicode-case,unicode-gencat,unicode-perl,unicode-script,unicode-segment
fraction v0.15.3 lazy_static,with-bigint
lazy_static v1.5.0 spin,spin_no_std (*)
num v0.4.3 num-bigint,std
num-bigint v0.4.6 default,std (*)
num-complex v0.4.6 std
num-traits v0.2.19 default,i128,libm,std (*)
num-integer v0.1.46 i128,std (*)
num-iter v0.1.45 i128,std (*)
num-rational v0.4.2 num-bigint,num-bigint-std,std
num-bigint v0.4.6 default,std (*)
num-integer v0.1.46 i128,std (*)
num-traits v0.2.19 default,i128,libm,std (*)
num-traits v0.2.19 default,i128,libm,std (*)
idna v1.1.0 alloc,compiled_data,default,std (*)
itoa v1.0.17 
num-cmp v0.1.0 
num-traits v0.2.19 default,i128,libm,std (*)
percent-encoding v2.3.2 alloc,default,std
referencing v0.46.0 default
ahash v0.8.12 default,getrandom,runtime-rng,serde,std (*)
fluent-uri v0.4.1 alloc,default,impl-error,serde,std
borrow-or-share v0.2.4 alloc
ref-cast v1.0.25 
ref-cast-impl v1.0.25 (proc-macro) 
proc-macro2 v1.0.106 default,proc-macro (*)
quote v1.0.45 default,proc-macro (*)
syn v2.0.117 clone-impls,default,derive,extra-traits,fold,full,parsing,printing,proc-macro,visit,visit-mut (*)
serde v1.0.228 alloc,default,derive,rc,serde_derive,std (*)
hashbrown v0.16.1 allocator-api2,default,default-hasher,equivalent,inline-more,raw-entry (*)
itoa v1.0.17 
micromap v0.3.0 default
parking_lot v0.12.5 default (*)
percent-encoding v2.3.2 alloc,default,std
serde_json v1.0.149 alloc,default,float_roundtrip,raw_value,std (*)
regex v1.12.3 default,perf,perf-backtrack,perf-cache,perf-dfa,perf-inline,perf-literal,perf-onepass,std,unicode,unicode-age,unicode-bool,unicode-case,unicode-gencat,unicode-perl,unicode-script,unicode-segment (*)
regex-syntax v0.8.10 default,std,unicode,unicode-age,unicode-bool,unicode-case,unicode-gencat,unicode-perl,unicode-script,unicode-segment
serde v1.0.228 alloc,default,derive,rc,serde_derive,std (*)
serde_json v1.0.149 alloc,default,float_roundtrip,raw_value,std (*)
unicode-general-category v1.1.0 
uuid-simd v0.8.0 alloc,detect,std
outref v0.5.2 
vsimd v0.8.0 alloc,detect,std
serde_json v1.0.149 alloc,default,float_roundtrip,raw_value,std (*)
chio-store-sqlite v0.1.0 (/Users/connor/Medica/backbay/standalone/arc/.worktrees/kernel-release-audit-20260909/crates/platform/chio-store-sqlite) default (*)
chio-transaction-passport v0.1.0 (/Users/connor/Medica/backbay/standalone/arc/.worktrees/kernel-release-audit-20260909/crates/platform/chio-transaction-passport)  (*)
chio-trust-market-context v0.1.0 (/Users/connor/Medica/backbay/standalone/arc/.worktrees/kernel-release-audit-20260909/crates/platform/chio-trust-market-context) 
chio-core-types v0.1.0 (/Users/connor/Medica/backbay/standalone/arc/.worktrees/kernel-release-audit-20260909/crates/core/chio-core-types) default,delegation,std (*)
chio-risk-comptroller v0.1.0 (/Users/connor/Medica/backbay/standalone/arc/.worktrees/kernel-release-audit-20260909/crates/platform/chio-risk-comptroller)  (*)
chio-transaction-passport v0.1.0 (/Users/connor/Medica/backbay/standalone/arc/.worktrees/kernel-release-audit-20260909/crates/platform/chio-transaction-passport)  (*)
chrono v0.4.44 alloc,clock,default,iana-time-zone,js-sys,now,oldtime,serde,std,wasm-bindgen,wasmbind,winapi,windows-link (*)
serde v1.0.228 alloc,default,derive,rc,serde_derive,std (*)
serde_json v1.0.149 alloc,default,float_roundtrip,raw_value,std (*)
chio-underwriting v0.1.0 (/Users/connor/Medica/backbay/standalone/arc/.worktrees/kernel-release-audit-20260909/crates/economy/chio-underwriting)  (*)
chrono v0.4.44 alloc,clock,default,iana-time-zone,js-sys,now,oldtime,serde,std,wasm-bindgen,wasmbind,winapi,windows-link (*)
ciborium v0.2.2 default,std (*)
clap v4.6.0 color,default,derive,env,error-context,help,std,suggestions,usage (*)
futures-util v0.3.32 alloc,async-await,async-await-macro,channel,default,futures-channel,futures-io,futures-macro,futures-sink,io,memchr,sink,slab,std (*)
hex v0.4.3 alloc,default,std
libc v0.2.189 default,extra_traits,std
nix v0.31.2 default,dir,feature,fs,user (*)
p384 v0.13.1 alloc,arithmetic,default,digest,ecdh,ecdsa,ecdsa-core,pem,pkcs8,sha2,sha384,std (*)
percent-encoding v2.3.2 alloc,default,std
reqwest v0.13.2 __rustls,__rustls-aws-lc-rs,__tls,blocking,form,json,multipart,query,rustls,stream (*)
rsa v0.9.10 default,pem,sha2,std,u64_digit (*)
rusqlite v0.39.0 bundled,cache,default,hashlink,modern_sqlite (*)
serde v1.0.228 alloc,default,derive,rc,serde_derive,std (*)
serde_json v1.0.149 alloc,default,float_roundtrip,raw_value,std (*)
serde_urlencoded v0.7.1  (*)
serde_yaml_ng v0.10.0  (*)
sha2 v0.10.9 default,oid,std (*)
subtle v2.6.1 default,i128,std
thiserror v1.0.69  (*)
tokio v1.50.0 bytes,default,fs,full,io-std,io-util,libc,macros,mio,net,parking_lot,process,rt,rt-multi-thread,signal,signal-hook-registry,socket2,sync,time,tokio-macros,windows-sys (*)
tower-http v0.6.8 default,follow-redirect,fs,futures-core,futures-util,httpdate,iri-string,mime,mime_guess,percent-encoding,set-header,set-status,timeout,tokio,tokio-util,tower,tracing (*)
tracing v0.1.44 attributes,default,log,std,tracing-attributes (*)
ureq v2.12.1 default,gzip,json,tls (*)
url v2.5.8 default,serde,std (*)
uuid v1.22.0 default,fast-rng,rng,serde,std,v4,v7 (*)
windows-sys v0.60.2 Wdk,Wdk_Foundation,Wdk_Storage,Wdk_Storage_FileSystem,Win32,Win32_Foundation,Win32_Security,Win32_Storage,Win32_Storage_FileSystem,Win32_System,Win32_System_IO,default
windows-targets v0.53.5 
windows_x86_64_msvc v0.53.1 
x509-cert v0.2.5 builder,default,pem,sct,sha1,signature,std (*)
zeroize v1.9.0 alloc,default,derive,serde,zeroize_derive (*)
chio-core-types v0.1.0 (/Users/connor/Medica/backbay/standalone/arc/.worktrees/kernel-release-audit-20260909/crates/core/chio-core-types) default,delegation,std (*)
chio-http-core v0.1.0 (/Users/connor/Medica/backbay/standalone/arc/.worktrees/kernel-release-audit-20260909/crates/platform/chio-http-core) default,reqwest-egress
async-trait v0.1.89 (proc-macro)  (*)
chio-core-types v0.1.0 (/Users/connor/Medica/backbay/standalone/arc/.worktrees/kernel-release-audit-20260909/crates/core/chio-core-types) default,delegation,std (*)
chio-cross-protocol v0.1.0 (/Users/connor/Medica/backbay/standalone/arc/.worktrees/kernel-release-audit-20260909/crates/protocol/chio-cross-protocol)  (*)
chio-egress-contract v0.1.0 (/Users/connor/Medica/backbay/standalone/arc/.worktrees/kernel-release-audit-20260909/crates/protocol/chio-egress-contract) default,reqwest-egress (*)
chio-kernel v0.1.0 (/Users/connor/Medica/backbay/standalone/arc/.worktrees/kernel-release-audit-20260909/crates/kernel/chio-kernel) default,delegation,finding-market (*)
chio-metrics-spec v0.1.0 (/Users/connor/Medica/backbay/standalone/arc/.worktrees/kernel-release-audit-20260909/crates/observability/chio-metrics-spec) 
chrono v0.4.44 alloc,clock,default,iana-time-zone,js-sys,now,oldtime,serde,std,wasm-bindgen,wasmbind,winapi,windows-link (*)
hex v0.4.3 alloc,default,std
serde v1.0.228 alloc,default,derive,rc,serde_derive,std (*)
serde_json v1.0.149 alloc,default,float_roundtrip,raw_value,std (*)
sha2 v0.10.9 default,oid,std (*)
thiserror v1.0.69  (*)
uuid v1.22.0 default,fast-rng,rng,serde,std,v4,v7 (*)
chio-http-serve v0.1.0 (/Users/connor/Medica/backbay/standalone/arc/.worktrees/kernel-release-audit-20260909/crates/protocol/chio-http-serve)  (*)
chio-kernel v0.1.0 (/Users/connor/Medica/backbay/standalone/arc/.worktrees/kernel-release-audit-20260909/crates/kernel/chio-kernel) default,delegation,finding-market (*)
chio-metrics-spec v0.1.0 (/Users/connor/Medica/backbay/standalone/arc/.worktrees/kernel-release-audit-20260909/crates/observability/chio-metrics-spec) 
chio-openapi v0.1.0 (/Users/connor/Medica/backbay/standalone/arc/.worktrees/kernel-release-audit-20260909/crates/protocol/chio-openapi) 
chio-core-types v0.1.0 (/Users/connor/Medica/backbay/standalone/arc/.worktrees/kernel-release-audit-20260909/crates/core/chio-core-types) default,delegation,std (*)
chio-http-core v0.1.0 (/Users/connor/Medica/backbay/standalone/arc/.worktrees/kernel-release-audit-20260909/crates/platform/chio-http-core) default,reqwest-egress (*)
serde v1.0.228 alloc,default,derive,rc,serde_derive,std (*)
serde_json v1.0.149 alloc,default,float_roundtrip,raw_value,std (*)
serde_yaml v0.9.34+deprecated 
indexmap v2.14.1 default,serde,std (*)
itoa v1.0.17 
ryu v1.0.23 
serde v1.0.228 alloc,default,derive,rc,serde_derive,std (*)
unsafe-libyaml v0.2.11 
thiserror v1.0.69  (*)
chio-store-sqlite v0.1.0 (/Users/connor/Medica/backbay/standalone/arc/.worktrees/kernel-release-audit-20260909/crates/platform/chio-store-sqlite) default (*)
chrono v0.4.44 alloc,clock,default,iana-time-zone,js-sys,now,oldtime,serde,std,wasm-bindgen,wasmbind,winapi,windows-link (*)
hex v0.4.3 alloc,default,std
reqwest v0.13.2 __rustls,__rustls-aws-lc-rs,__tls,blocking,form,json,multipart,query,rustls,stream (*)
rusqlite v0.39.0 bundled,cache,default,hashlink,modern_sqlite (*)
serde v1.0.228 alloc,default,derive,rc,serde_derive,std (*)
serde_json v1.0.149 alloc,default,float_roundtrip,raw_value,std (*)
sha2 v0.10.9 default,oid,std (*)
subtle v2.6.1 default,i128,std
thiserror v1.0.69  (*)
tokio v1.50.0 bytes,default,fs,full,io-std,io-util,libc,macros,mio,net,parking_lot,process,rt,rt-multi-thread,signal,signal-hook-registry,socket2,sync,time,tokio-macros,windows-sys (*)
tracing v0.1.44 attributes,default,log,std,tracing-attributes (*)
url v2.5.8 default,serde,std (*)
uuid v1.22.0 default,fast-rng,rng,serde,std,v4,v7 (*)
chio-appraisal v0.1.0 (/Users/connor/Medica/backbay/standalone/arc/.worktrees/kernel-release-audit-20260909/crates/economy/chio-appraisal)  (*)
chio-arena v0.1.0 (/Users/connor/Medica/backbay/standalone/arc/.worktrees/kernel-release-audit-20260909/crates/core/chio-arena) 
chio-core-types v0.1.0 (/Users/connor/Medica/backbay/standalone/arc/.worktrees/kernel-release-audit-20260909/crates/core/chio-core-types) default,delegation,std (*)
chio-kernel v0.1.0 (/Users/connor/Medica/backbay/standalone/arc/.worktrees/kernel-release-audit-20260909/crates/kernel/chio-kernel) default,delegation,finding-market (*)
chio-replay-corpus v0.1.0 (/Users/connor/Medica/backbay/standalone/arc/.worktrees/kernel-release-audit-20260909/crates/trust/chio-replay-corpus) 
chio-core-types v0.1.0 (/Users/connor/Medica/backbay/standalone/arc/.worktrees/kernel-release-audit-20260909/crates/core/chio-core-types) default,delegation,std (*)
chio-tee v0.1.0 (/Users/connor/Medica/backbay/standalone/arc/.worktrees/kernel-release-audit-20260909/crates/trust/chio-tee) default
arc-swap v1.9.1  (*)
base64 v0.22.1 alloc,default,std
chio-core-types v0.1.0 (/Users/connor/Medica/backbay/standalone/arc/.worktrees/kernel-release-audit-20260909/crates/core/chio-core-types) default,delegation,std (*)
chio-data-guards-redactors-default v0.1.0 (/Users/connor/Medica/backbay/standalone/arc/.worktrees/kernel-release-audit-20260909/crates/guards/chio-data-guards/redactors/default)  (*)
chio-store-sqlite v0.1.0 (/Users/connor/Medica/backbay/standalone/arc/.worktrees/kernel-release-audit-20260909/crates/platform/chio-store-sqlite) default (*)
chio-tee-frame v0.1.0 (/Users/connor/Medica/backbay/standalone/arc/.worktrees/kernel-release-audit-20260909/crates/trust/chio-tee-frame) 
base64 v0.22.1 alloc,default,std
chio-core-types v0.1.0 (/Users/connor/Medica/backbay/standalone/arc/.worktrees/kernel-release-audit-20260909/crates/core/chio-core-types) default,delegation,std (*)
chrono v0.4.44 alloc,clock,default,iana-time-zone,js-sys,now,oldtime,serde,std,wasm-bindgen,wasmbind,winapi,windows-link (*)
serde v1.0.228 alloc,default,derive,rc,serde_derive,std (*)
serde_json v1.0.149 alloc,default,float_roundtrip,raw_value,std (*)
thiserror v1.0.69  (*)
chrono v0.4.44 alloc,clock,default,iana-time-zone,js-sys,now,oldtime,serde,std,wasm-bindgen,wasmbind,winapi,windows-link (*)
serde v1.0.228 alloc,default,derive,rc,serde_derive,std (*)
serde_json v1.0.149 alloc,default,float_roundtrip,raw_value,std (*)
thiserror v1.0.69  (*)
toml v0.8.23 default,display,parse (*)
zeroize v1.9.0 alloc,default,derive,serde,zeroize_derive (*)
chio-tee-frame v0.1.0 (/Users/connor/Medica/backbay/standalone/arc/.worktrees/kernel-release-audit-20260909/crates/trust/chio-tee-frame)  (*)
hex v0.4.3 alloc,default,std
serde v1.0.228 alloc,default,derive,rc,serde_derive,std (*)
serde_json v1.0.149 alloc,default,float_roundtrip,raw_value,std (*)
sha2 v0.10.9 default,oid,std (*)
thiserror v1.0.69  (*)
chio-tee-frame v0.1.0 (/Users/connor/Medica/backbay/standalone/arc/.worktrees/kernel-release-audit-20260909/crates/trust/chio-tee-frame)  (*)
rand v0.8.6 alloc,default,getrandom,libc,rand_chacha,std,std_rng (*)
rand_chacha v0.3.1 default,std (*)
serde v1.0.228 alloc,default,derive,rc,serde_derive,std (*)
serde_json v1.0.149 alloc,default,float_roundtrip,raw_value,std (*)
thiserror v1.0.69  (*)
tokio v1.50.0 bytes,default,fs,full,io-std,io-util,libc,macros,mio,net,parking_lot,process,rt,rt-multi-thread,signal,signal-hook-registry,socket2,sync,time,tokio-macros,windows-sys (*)
toml v0.8.23 default,display,parse (*)
chio-attest-buyer v0.1.0 (/Users/connor/Medica/backbay/standalone/arc/.worktrees/kernel-release-audit-20260909/crates/trust/chio-attest-buyer) 
chio-attest-buyer-core v0.1.0 (/Users/connor/Medica/backbay/standalone/arc/.worktrees/kernel-release-audit-20260909/crates/trust/chio-attest-buyer-core)  (*)
chio-runtime-core v0.1.0 (/Users/connor/Medica/backbay/standalone/arc/.worktrees/kernel-release-audit-20260909/crates/kernel/chio-runtime-core) 
chio-attest-buyer-core v0.1.0 (/Users/connor/Medica/backbay/standalone/arc/.worktrees/kernel-release-audit-20260909/crates/trust/chio-attest-buyer-core)  (*)
chio-core-types v0.1.0 (/Users/connor/Medica/backbay/standalone/arc/.worktrees/kernel-release-audit-20260909/crates/core/chio-core-types) default,delegation,std (*)
chio-federation v0.1.0 (/Users/connor/Medica/backbay/standalone/arc/.worktrees/kernel-release-audit-20260909/crates/trust/chio-federation)  (*)
chio-kernel v0.1.0 (/Users/connor/Medica/backbay/standalone/arc/.worktrees/kernel-release-audit-20260909/crates/kernel/chio-kernel) default,delegation,finding-market (*)
chio-runtime-proof-parity v0.1.0 (/Users/connor/Medica/backbay/standalone/arc/.worktrees/kernel-release-audit-20260909/crates/kernel/chio-runtime-proof-parity) 
chio-core-types v0.1.0 (/Users/connor/Medica/backbay/standalone/arc/.worktrees/kernel-release-audit-20260909/crates/core/chio-core-types) default,delegation,std (*)
serde v1.0.228 alloc,default,derive,rc,serde_derive,std (*)
serde_json v1.0.149 alloc,default,float_roundtrip,raw_value,std (*)
thiserror v1.0.69  (*)
chio-swarm-authority v0.1.0 (/Users/connor/Medica/backbay/standalone/arc/.worktrees/kernel-release-audit-20260909/crates/kernel/chio-swarm-authority)  (*)
chio-weights v0.1.0 (/Users/connor/Medica/backbay/standalone/arc/.worktrees/kernel-release-audit-20260909/crates/trust/chio-weights) default (*)
rusqlite v0.39.0 bundled,cache,default,hashlink,modern_sqlite (*)
serde v1.0.228 alloc,default,derive,rc,serde_derive,std (*)
serde_json v1.0.149 alloc,default,float_roundtrip,raw_value,std (*)
thiserror v1.0.69  (*)
serde v1.0.228 alloc,default,derive,rc,serde_derive,std (*)
serde_json v1.0.149 alloc,default,float_roundtrip,raw_value,std (*)
chio-attest-buyer-core v0.1.0 (/Users/connor/Medica/backbay/standalone/arc/.worktrees/kernel-release-audit-20260909/crates/trust/chio-attest-buyer-core)  (*)
chio-attest-loopback v0.1.0 (/Users/connor/Medica/backbay/standalone/arc/.worktrees/kernel-release-audit-20260909/crates/trust/chio-attest-loopback) 
chio-attest-buyer-core v0.1.0 (/Users/connor/Medica/backbay/standalone/arc/.worktrees/kernel-release-audit-20260909/crates/trust/chio-attest-buyer-core)  (*)
chio-core-types v0.1.0 (/Users/connor/Medica/backbay/standalone/arc/.worktrees/kernel-release-audit-20260909/crates/core/chio-core-types) default,delegation,std (*)
chio-federation v0.1.0 (/Users/connor/Medica/backbay/standalone/arc/.worktrees/kernel-release-audit-20260909/crates/trust/chio-federation)  (*)
chio-federation-authority v0.1.0 (/Users/connor/Medica/backbay/standalone/arc/.worktrees/kernel-release-audit-20260909/crates/trust/chio-federation-authority)  (*)
chio-governance v0.1.0 (/Users/connor/Medica/backbay/standalone/arc/.worktrees/kernel-release-audit-20260909/crates/trust/chio-governance)  (*)
chio-selective-disclosure v0.1.0 (/Users/connor/Medica/backbay/standalone/arc/.worktrees/kernel-release-audit-20260909/crates/trust/chio-selective-disclosure) bbs,default (*)
chio-workflow v0.1.0 (/Users/connor/Medica/backbay/standalone/arc/.worktrees/kernel-release-audit-20260909/crates/platform/chio-workflow)  (*)
serde v1.0.228 alloc,default,derive,rc,serde_derive,std (*)
serde_json v1.0.149 alloc,default,float_roundtrip,raw_value,std (*)
chio-attest-verify v0.1.0 (/Users/connor/Medica/backbay/standalone/arc/.worktrees/kernel-release-audit-20260909/crates/trust/chio-attest-verify) default (*)
chio-commerce-order v0.1.0 (/Users/connor/Medica/backbay/standalone/arc/.worktrees/kernel-release-audit-20260909/crates/platform/chio-commerce-order)  (*)
chio-conformance v0.1.0 (/Users/connor/Medica/backbay/standalone/arc/.worktrees/kernel-release-audit-20260909/crates/tooling/chio-conformance) default,in-repo-fixtures (*)
chio-control-plane v0.1.0 (/Users/connor/Medica/backbay/standalone/arc/.worktrees/kernel-release-audit-20260909/crates/platform/chio-control-plane) default (*)
chio-core v0.1.0 (/Users/connor/Medica/backbay/standalone/arc/.worktrees/kernel-release-audit-20260909/crates/core/chio-core) default (*)
chio-core-types v0.1.0 (/Users/connor/Medica/backbay/standalone/arc/.worktrees/kernel-release-audit-20260909/crates/core/chio-core-types) default,delegation,std (*)
chio-credentials v0.1.0 (/Users/connor/Medica/backbay/standalone/arc/.worktrees/kernel-release-audit-20260909/crates/trust/chio-credentials)  (*)
chio-data-guards v0.1.0 (/Users/connor/Medica/backbay/standalone/arc/.worktrees/kernel-release-audit-20260909/crates/guards/chio-data-guards)  (*)
chio-did v0.1.0 (/Users/connor/Medica/backbay/standalone/arc/.worktrees/kernel-release-audit-20260909/crates/trust/chio-did)  (*)
chio-egress-contract v0.1.0 (/Users/connor/Medica/backbay/standalone/arc/.worktrees/kernel-release-audit-20260909/crates/protocol/chio-egress-contract) default,reqwest-egress (*)
chio-errors v0.1.0 (/Users/connor/Medica/backbay/standalone/arc/.worktrees/kernel-release-audit-20260909/crates/core/chio-errors)  (*)
chio-external-guards v0.1.0 (/Users/connor/Medica/backbay/standalone/arc/.worktrees/kernel-release-audit-20260909/crates/guards/chio-external-guards)  (*)
chio-federation v0.1.0 (/Users/connor/Medica/backbay/standalone/arc/.worktrees/kernel-release-audit-20260909/crates/trust/chio-federation)  (*)
chio-federation-authority v0.1.0 (/Users/connor/Medica/backbay/standalone/arc/.worktrees/kernel-release-audit-20260909/crates/trust/chio-federation-authority)  (*)
chio-finding v0.1.0 (/Users/connor/Medica/backbay/standalone/arc/.worktrees/kernel-release-audit-20260909/crates/economy/chio-finding)  (*)
chio-finding-verifier v0.1.0 (/Users/connor/Medica/backbay/standalone/arc/.worktrees/kernel-release-audit-20260909/crates/trust/chio-finding-verifier)  (*)
chio-guard-registry v0.1.0 (/Users/connor/Medica/backbay/standalone/arc/.worktrees/kernel-release-audit-20260909/crates/guards/chio-guard-registry) default,marketplace
chio-attest-verify v0.1.0 (/Users/connor/Medica/backbay/standalone/arc/.worktrees/kernel-release-audit-20260909/crates/trust/chio-attest-verify) default (*)
chio-egress-contract v0.1.0 (/Users/connor/Medica/backbay/standalone/arc/.worktrees/kernel-release-audit-20260909/crates/protocol/chio-egress-contract) default,reqwest-egress (*)
chio-reputation v0.1.0 (/Users/connor/Medica/backbay/standalone/arc/.worktrees/kernel-release-audit-20260909/crates/trust/chio-reputation)  (*)
oci-distribution v0.11.0 rustls-tls
bytes v1.11.1 default,serde,std (*)
chrono v0.4.44 alloc,clock,default,iana-time-zone,js-sys,now,oldtime,serde,std,wasm-bindgen,wasmbind,winapi,windows-link (*)
futures-util v0.3.32 alloc,async-await,async-await-macro,channel,default,futures-channel,futures-io,futures-macro,futures-sink,io,memchr,sink,slab,std (*)
http v1.4.0 default,std (*)
http-auth v0.1.10  (*)
jwt v0.16.0 
base64 v0.13.1 default,std
crypto-common v0.1.7 getrandom,rand_core,std (*)
digest v0.10.7 alloc,block-buffer,const-oid,core-api,default,mac,oid,std,subtle (*)
hmac v0.12.1 reset (*)
serde v1.0.228 alloc,default,derive,rc,serde_derive,std (*)
serde_json v1.0.149 alloc,default,float_roundtrip,raw_value,std (*)
sha2 v0.10.9 default,oid,std (*)
lazy_static v1.5.0 spin,spin_no_std (*)
olpc-cjson v0.1.4  (*)
regex v1.12.3 default,perf,perf-backtrack,perf-cache,perf-dfa,perf-inline,perf-literal,perf-onepass,std,unicode,unicode-age,unicode-bool,unicode-case,unicode-gencat,unicode-perl,unicode-script,unicode-segment (*)
reqwest v0.12.28 __rustls,__rustls-ring,__tls,json,rustls-tls,rustls-tls-webpki-roots,rustls-tls-webpki-roots-no-provider,stream
base64 v0.22.1 alloc,default,std
bytes v1.11.1 default,serde,std (*)
futures-core v0.3.32 alloc,default,std
futures-util v0.3.32 alloc,async-await,async-await-macro,channel,default,futures-channel,futures-io,futures-macro,futures-sink,io,memchr,sink,slab,std (*)
http v1.4.0 default,std (*)
http-body v1.0.1  (*)
http-body-util v0.1.3 default (*)
hyper v1.8.1 client,default,http1,server (*)
hyper-rustls v0.27.7 aws-lc-rs,http1,ring,tls12,webpki-roots,webpki-tokio (*)
hyper-util v0.1.20 client,client-legacy,client-proxy,default,http1,server,service,tokio (*)
log v0.4.29 std
percent-encoding v2.3.2 alloc,default,std
pin-project-lite v0.2.17 
rustls v0.23.37 aws-lc-rs,aws_lc_rs,default,log,logging,prefer-post-quantum,ring,std,tls12 (*)
rustls-pki-types v1.14.0 alloc,default,std (*)
serde v1.0.228 alloc,default,derive,rc,serde_derive,std (*)
serde_json v1.0.149 alloc,default,float_roundtrip,raw_value,std (*)
serde_urlencoded v0.7.1  (*)
sync_wrapper v1.0.2 futures,futures-core (*)
tokio v1.50.0 bytes,default,fs,full,io-std,io-util,libc,macros,mio,net,parking_lot,process,rt,rt-multi-thread,signal,signal-hook-registry,socket2,sync,time,tokio-macros,windows-sys (*)
tokio-rustls v0.26.4 aws-lc-rs,aws_lc_rs,ring,tls12 (*)
tokio-util v0.7.18 default,futures-util,io,io-util,rt (*)
tower v0.5.3 buffer,futures-core,futures-util,limit,load-shed,log,make,pin-project-lite,retry,sync_wrapper,timeout,tokio,tokio-util,tracing,util (*)
tower-http v0.6.8 default,follow-redirect,fs,futures-core,futures-util,httpdate,iri-string,mime,mime_guess,percent-encoding,set-header,set-status,timeout,tokio,tokio-util,tower,tracing (*)
tower-service v0.3.3 
url v2.5.8 default,serde,std (*)
webpki-roots v1.0.6  (*)
serde v1.0.228 alloc,default,derive,rc,serde_derive,std (*)
serde_json v1.0.149 alloc,default,float_roundtrip,raw_value,std (*)
sha2 v0.10.9 default,oid,std (*)
thiserror v1.0.69  (*)
tokio v1.50.0 bytes,default,fs,full,io-std,io-util,libc,macros,mio,net,parking_lot,process,rt,rt-multi-thread,signal,signal-hook-registry,socket2,sync,time,tokio-macros,windows-sys (*)
tracing v0.1.44 attributes,default,log,std,tracing-attributes (*)
unicase v2.9.0 
reqwest v0.13.2 __rustls,__rustls-aws-lc-rs,__tls,blocking,form,json,multipart,query,rustls,stream (*)
serde v1.0.228 alloc,default,derive,rc,serde_derive,std (*)
serde_json v1.0.149 alloc,default,float_roundtrip,raw_value,std (*)
sha2 v0.10.9 default,oid,std (*)
thiserror v1.0.69  (*)
chio-guards v0.1.0 (/Users/connor/Medica/backbay/standalone/arc/.worktrees/kernel-release-audit-20260909/crates/guards/chio-guards)  (*)
chio-hosted-mcp v0.1.0 (/Users/connor/Medica/backbay/standalone/arc/.worktrees/kernel-release-audit-20260909/crates/protocol/chio-hosted-mcp) 
chio-control-plane v0.1.0 (/Users/connor/Medica/backbay/standalone/arc/.worktrees/kernel-release-audit-20260909/crates/platform/chio-control-plane) default (*)
chio-mcp-remote v0.1.0 (/Users/connor/Medica/backbay/standalone/arc/.worktrees/kernel-release-audit-20260909/crates/protocol/chio-mcp-remote) 
async-stream v0.3.6  (*)
async-trait v0.1.89 (proc-macro)  (*)
axum v0.8.8 default,form,http1,json,matched-path,original-uri,query,tokio,tower-log,tracing (*)
base64 v0.22.1 alloc,default,std
chio-control-plane v0.1.0 (/Users/connor/Medica/backbay/standalone/arc/.worktrees/kernel-release-audit-20260909/crates/platform/chio-control-plane) default (*)
chio-core-types v0.1.0 (/Users/connor/Medica/backbay/standalone/arc/.worktrees/kernel-release-audit-20260909/crates/core/chio-core-types) default,delegation,std (*)
chio-egress-contract v0.1.0 (/Users/connor/Medica/backbay/standalone/arc/.worktrees/kernel-release-audit-20260909/crates/protocol/chio-egress-contract) default,reqwest-egress (*)
chio-http-serve v0.1.0 (/Users/connor/Medica/backbay/standalone/arc/.worktrees/kernel-release-audit-20260909/crates/protocol/chio-http-serve)  (*)
chio-kernel v0.1.0 (/Users/connor/Medica/backbay/standalone/arc/.worktrees/kernel-release-audit-20260909/crates/kernel/chio-kernel) default,delegation,finding-market (*)
chio-mcp-adapter v0.1.0 (/Users/connor/Medica/backbay/standalone/arc/.worktrees/kernel-release-audit-20260909/crates/protocol/chio-mcp-adapter)  (*)
chio-metrics-spec v0.1.0 (/Users/connor/Medica/backbay/standalone/arc/.worktrees/kernel-release-audit-20260909/crates/observability/chio-metrics-spec) 
chio-store-sqlite v0.1.0 (/Users/connor/Medica/backbay/standalone/arc/.worktrees/kernel-release-audit-20260909/crates/platform/chio-store-sqlite) default (*)
p256 v0.13.2 alloc,arithmetic,default,digest,ecdsa,ecdsa-core,pem,pkcs8,sha2,sha256,std (*)
p384 v0.13.1 alloc,arithmetic,default,digest,ecdh,ecdsa,ecdsa-core,pem,pkcs8,sha2,sha384,std (*)
reqwest v0.13.2 __rustls,__rustls-aws-lc-rs,__tls,blocking,form,json,multipart,query,rustls,stream (*)
rsa v0.9.10 default,pem,sha2,std,u64_digit (*)
rusqlite v0.39.0 bundled,cache,default,hashlink,modern_sqlite (*)
serde v1.0.228 alloc,default,derive,rc,serde_derive,std (*)
serde_json v1.0.149 alloc,default,float_roundtrip,raw_value,std (*)
sha2 v0.10.9 default,oid,std (*)
subtle v2.6.1 default,i128,std
tokio v1.50.0 bytes,default,fs,full,io-std,io-util,libc,macros,mio,net,parking_lot,process,rt,rt-multi-thread,signal,signal-hook-registry,socket2,sync,time,tokio-macros,windows-sys (*)
tracing v0.1.44 attributes,default,log,std,tracing-attributes (*)
url v2.5.8 default,serde,std (*)
chio-http-serve v0.1.0 (/Users/connor/Medica/backbay/standalone/arc/.worktrees/kernel-release-audit-20260909/crates/protocol/chio-http-serve)  (*)
chio-kernel v0.1.0 (/Users/connor/Medica/backbay/standalone/arc/.worktrees/kernel-release-audit-20260909/crates/kernel/chio-kernel) default,delegation,finding-market (*)
chio-lineage v0.1.0 (/Users/connor/Medica/backbay/standalone/arc/.worktrees/kernel-release-audit-20260909/crates/observability/chio-lineage)  (*)
chio-listing v0.1.0 (/Users/connor/Medica/backbay/standalone/arc/.worktrees/kernel-release-audit-20260909/crates/economy/chio-listing)  (*)
chio-log-redact v0.1.0 (/Users/connor/Medica/backbay/standalone/arc/.worktrees/kernel-release-audit-20260909/crates/observability/chio-log-redact)  (*)
chio-mcp-adapter v0.1.0 (/Users/connor/Medica/backbay/standalone/arc/.worktrees/kernel-release-audit-20260909/crates/protocol/chio-mcp-adapter)  (*)
chio-mcp-remote v0.1.0 (/Users/connor/Medica/backbay/standalone/arc/.worktrees/kernel-release-audit-20260909/crates/protocol/chio-mcp-remote)  (*)
chio-metrics-spec v0.1.0 (/Users/connor/Medica/backbay/standalone/arc/.worktrees/kernel-release-audit-20260909/crates/observability/chio-metrics-spec) 
chio-open-market v0.1.0 (/Users/connor/Medica/backbay/standalone/arc/.worktrees/kernel-release-audit-20260909/crates/economy/chio-open-market)  (*)
chio-pheromone v0.1.0 (/Users/connor/Medica/backbay/standalone/arc/.worktrees/kernel-release-audit-20260909/crates/trust/chio-pheromone)  (*)
chio-pheromone-relay v0.1.0 (/Users/connor/Medica/backbay/standalone/arc/.worktrees/kernel-release-audit-20260909/crates/trust/chio-pheromone-relay) 
async-trait v0.1.89 (proc-macro)  (*)
axum v0.8.8 default,form,http1,json,matched-path,original-uri,query,tokio,tower-log,tracing (*)
chio-core-types v0.1.0 (/Users/connor/Medica/backbay/standalone/arc/.worktrees/kernel-release-audit-20260909/crates/core/chio-core-types) default,delegation,std (*)
chio-federation v0.1.0 (/Users/connor/Medica/backbay/standalone/arc/.worktrees/kernel-release-audit-20260909/crates/trust/chio-federation)  (*)
chio-http-serve v0.1.0 (/Users/connor/Medica/backbay/standalone/arc/.worktrees/kernel-release-audit-20260909/crates/protocol/chio-http-serve)  (*)
chio-pheromone-runtime v0.1.0 (/Users/connor/Medica/backbay/standalone/arc/.worktrees/kernel-release-audit-20260909/crates/trust/chio-pheromone-runtime) 
chio-attest-buyer-core v0.1.0 (/Users/connor/Medica/backbay/standalone/arc/.worktrees/kernel-release-audit-20260909/crates/trust/chio-attest-buyer-core)  (*)
chio-core-types v0.1.0 (/Users/connor/Medica/backbay/standalone/arc/.worktrees/kernel-release-audit-20260909/crates/core/chio-core-types) default,delegation,std (*)
chio-federation v0.1.0 (/Users/connor/Medica/backbay/standalone/arc/.worktrees/kernel-release-audit-20260909/crates/trust/chio-federation)  (*)
chio-pheromone v0.1.0 (/Users/connor/Medica/backbay/standalone/arc/.worktrees/kernel-release-audit-20260909/crates/trust/chio-pheromone)  (*)
jsonschema v0.46.0 resolve-file (*)
rusqlite v0.39.0 bundled,cache,default,hashlink,modern_sqlite (*)
serde v1.0.228 alloc,default,derive,rc,serde_derive,std (*)
serde_json v1.0.149 alloc,default,float_roundtrip,raw_value,std (*)
thiserror v1.0.69  (*)
reqwest v0.13.2 __rustls,__rustls-aws-lc-rs,__tls,blocking,form,json,multipart,query,rustls,stream (*)
rusqlite v0.39.0 bundled,cache,default,hashlink,modern_sqlite (*)
serde v1.0.228 alloc,default,derive,rc,serde_derive,std (*)
serde_json v1.0.149 alloc,default,float_roundtrip,raw_value,std (*)
sha2 v0.10.9 default,oid,std (*)
subtle v2.6.1 default,i128,std
thiserror v1.0.69  (*)
tokio v1.50.0 bytes,default,fs,full,io-std,io-util,libc,macros,mio,net,parking_lot,process,rt,rt-multi-thread,signal,signal-hook-registry,socket2,sync,time,tokio-macros,windows-sys (*)
url v2.5.8 default,serde,std (*)
chio-pheromone-runtime v0.1.0 (/Users/connor/Medica/backbay/standalone/arc/.worktrees/kernel-release-audit-20260909/crates/trust/chio-pheromone-runtime)  (*)
chio-policy v0.1.0 (/Users/connor/Medica/backbay/standalone/arc/.worktrees/kernel-release-audit-20260909/crates/guards/chio-policy)  (*)
chio-proof-room v0.1.0 (/Users/connor/Medica/backbay/standalone/arc/.worktrees/kernel-release-audit-20260909/crates/products/chio-proof-room) 
axum v0.8.8 default,form,http1,json,matched-path,original-uri,query,tokio,tower-log,tracing (*)
chio-agent-web-interop v0.1.0 (/Users/connor/Medica/backbay/standalone/arc/.worktrees/kernel-release-audit-20260909/crates/platform/chio-agent-web-interop)  (*)
chio-commerce-order v0.1.0 (/Users/connor/Medica/backbay/standalone/arc/.worktrees/kernel-release-audit-20260909/crates/platform/chio-commerce-order)  (*)
chio-core-types v0.1.0 (/Users/connor/Medica/backbay/standalone/arc/.worktrees/kernel-release-audit-20260909/crates/core/chio-core-types) default,delegation,std (*)
chio-disclosure-lineage v0.1.0 (/Users/connor/Medica/backbay/standalone/arc/.worktrees/kernel-release-audit-20260909/crates/trust/chio-disclosure-lineage)  (*)
chio-egress-contract v0.1.0 (/Users/connor/Medica/backbay/standalone/arc/.worktrees/kernel-release-audit-20260909/crates/protocol/chio-egress-contract) default,reqwest-egress (*)
chio-enterprise-export v0.1.0 (/Users/connor/Medica/backbay/standalone/arc/.worktrees/kernel-release-audit-20260909/crates/platform/chio-enterprise-export)  (*)
chio-http-serve v0.1.0 (/Users/connor/Medica/backbay/standalone/arc/.worktrees/kernel-release-audit-20260909/crates/protocol/chio-http-serve)  (*)
chio-risk-comptroller v0.1.0 (/Users/connor/Medica/backbay/standalone/arc/.worktrees/kernel-release-audit-20260909/crates/platform/chio-risk-comptroller)  (*)
chio-runtime-proof-parity v0.1.0 (/Users/connor/Medica/backbay/standalone/arc/.worktrees/kernel-release-audit-20260909/crates/kernel/chio-runtime-proof-parity)  (*)
chio-selective-disclosure v0.1.0 (/Users/connor/Medica/backbay/standalone/arc/.worktrees/kernel-release-audit-20260909/crates/trust/chio-selective-disclosure) bbs,default (*)
chio-swarm-authority v0.1.0 (/Users/connor/Medica/backbay/standalone/arc/.worktrees/kernel-release-audit-20260909/crates/kernel/chio-swarm-authority)  (*)
chio-transaction-passport v0.1.0 (/Users/connor/Medica/backbay/standalone/arc/.worktrees/kernel-release-audit-20260909/crates/platform/chio-transaction-passport)  (*)
chio-trust-market-context v0.1.0 (/Users/connor/Medica/backbay/standalone/arc/.worktrees/kernel-release-audit-20260909/crates/platform/chio-trust-market-context)  (*)
chio-web3 v0.1.0 (/Users/connor/Medica/backbay/standalone/arc/.worktrees/kernel-release-audit-20260909/crates/economy/chio-web3) default (*)
chio-workflow-preflight v0.1.0 (/Users/connor/Medica/backbay/standalone/arc/.worktrees/kernel-release-audit-20260909/crates/platform/chio-workflow-preflight)  (*)
hex v0.4.3 alloc,default,std
jsonschema v0.46.0 resolve-file (*)
reqwest v0.13.2 __rustls,__rustls-aws-lc-rs,__tls,blocking,form,json,multipart,query,rustls,stream (*)
serde v1.0.228 alloc,default,derive,rc,serde_derive,std (*)
serde_json v1.0.149 alloc,default,float_roundtrip,raw_value,std (*)
sha2 v0.10.9 default,oid,std (*)
thiserror v1.0.69  (*)
tokio v1.50.0 bytes,default,fs,full,io-std,io-util,libc,macros,mio,net,parking_lot,process,rt,rt-multi-thread,signal,signal-hook-registry,socket2,sync,time,tokio-macros,windows-sys (*)
tower-http v0.6.8 default,follow-redirect,fs,futures-core,futures-util,httpdate,iri-string,mime,mime_guess,percent-encoding,set-header,set-status,timeout,tokio,tokio-util,tower,tracing (*)
chio-replay-corpus v0.1.0 (/Users/connor/Medica/backbay/standalone/arc/.worktrees/kernel-release-audit-20260909/crates/trust/chio-replay-corpus)  (*)
chio-reputation v0.1.0 (/Users/connor/Medica/backbay/standalone/arc/.worktrees/kernel-release-audit-20260909/crates/trust/chio-reputation)  (*)
chio-runtime v0.1.0 (/Users/connor/Medica/backbay/standalone/arc/.worktrees/kernel-release-audit-20260909/crates/kernel/chio-runtime) 
chio-core-types v0.1.0 (/Users/connor/Medica/backbay/standalone/arc/.worktrees/kernel-release-audit-20260909/crates/core/chio-core-types) default,delegation,std (*)
chio-kernel v0.1.0 (/Users/connor/Medica/backbay/standalone/arc/.worktrees/kernel-release-audit-20260909/crates/kernel/chio-kernel) default,delegation,finding-market (*)
chio-runtime-core v0.1.0 (/Users/connor/Medica/backbay/standalone/arc/.worktrees/kernel-release-audit-20260909/crates/kernel/chio-runtime-core)  (*)
chio-swarm-authority v0.1.0 (/Users/connor/Medica/backbay/standalone/arc/.worktrees/kernel-release-audit-20260909/crates/kernel/chio-swarm-authority)  (*)
chio-weights v0.1.0 (/Users/connor/Medica/backbay/standalone/arc/.worktrees/kernel-release-audit-20260909/crates/trust/chio-weights) default (*)
serde v1.0.228 alloc,default,derive,rc,serde_derive,std (*)
serde_json v1.0.149 alloc,default,float_roundtrip,raw_value,std (*)
chio-runtime-core v0.1.0 (/Users/connor/Medica/backbay/standalone/arc/.worktrees/kernel-release-audit-20260909/crates/kernel/chio-runtime-core)  (*)
chio-runtime-harness v0.1.0 (/Users/connor/Medica/backbay/standalone/arc/.worktrees/kernel-release-audit-20260909/crates/kernel/chio-runtime-harness) 
async-trait v0.1.89 (proc-macro)  (*)
chio-attest-buyer-core v0.1.0 (/Users/connor/Medica/backbay/standalone/arc/.worktrees/kernel-release-audit-20260909/crates/trust/chio-attest-buyer-core)  (*)
chio-attest-loopback v0.1.0 (/Users/connor/Medica/backbay/standalone/arc/.worktrees/kernel-release-audit-20260909/crates/trust/chio-attest-loopback)  (*)
chio-core v0.1.0 (/Users/connor/Medica/backbay/standalone/arc/.worktrees/kernel-release-audit-20260909/crates/core/chio-core) default (*)
chio-core-types v0.1.0 (/Users/connor/Medica/backbay/standalone/arc/.worktrees/kernel-release-audit-20260909/crates/core/chio-core-types) default,delegation,std (*)
chio-federation v0.1.0 (/Users/connor/Medica/backbay/standalone/arc/.worktrees/kernel-release-audit-20260909/crates/trust/chio-federation)  (*)
chio-kernel v0.1.0 (/Users/connor/Medica/backbay/standalone/arc/.worktrees/kernel-release-audit-20260909/crates/kernel/chio-kernel) default,delegation,finding-market (*)
chio-runtime-core v0.1.0 (/Users/connor/Medica/backbay/standalone/arc/.worktrees/kernel-release-audit-20260909/crates/kernel/chio-runtime-core)  (*)
chio-store-sqlite v0.1.0 (/Users/connor/Medica/backbay/standalone/arc/.worktrees/kernel-release-audit-20260909/crates/platform/chio-store-sqlite) default (*)
serde v1.0.228 alloc,default,derive,rc,serde_derive,std (*)
serde_json v1.0.149 alloc,default,float_roundtrip,raw_value,std (*)
thiserror v1.0.69  (*)
tokio v1.50.0 bytes,default,fs,full,io-std,io-util,libc,macros,mio,net,parking_lot,process,rt,rt-multi-thread,signal,signal-hook-registry,socket2,sync,time,tokio-macros,windows-sys (*)
chio-selective-disclosure v0.1.0 (/Users/connor/Medica/backbay/standalone/arc/.worktrees/kernel-release-audit-20260909/crates/trust/chio-selective-disclosure) bbs,default (*)
chio-settle v0.1.0 (/Users/connor/Medica/backbay/standalone/arc/.worktrees/kernel-release-audit-20260909/crates/economy/chio-settle) default,web3 (*)
chio-spec-validate v0.1.0 (/Users/connor/Medica/backbay/standalone/arc/.worktrees/kernel-release-audit-20260909/crates/tooling/chio-spec-validate)  (*)
chio-store-sqlite v0.1.0 (/Users/connor/Medica/backbay/standalone/arc/.worktrees/kernel-release-audit-20260909/crates/platform/chio-store-sqlite) default (*)
chio-swarm-authority v0.1.0 (/Users/connor/Medica/backbay/standalone/arc/.worktrees/kernel-release-audit-20260909/crates/kernel/chio-swarm-authority)  (*)
chio-tee-frame v0.1.0 (/Users/connor/Medica/backbay/standalone/arc/.worktrees/kernel-release-audit-20260909/crates/trust/chio-tee-frame)  (*)
chio-tool-call-fabric v0.1.0 (/Users/connor/Medica/backbay/standalone/arc/.worktrees/kernel-release-audit-20260909/crates/protocol/chio-tool-call-fabric)  (*)
chio-trace-validate v0.1.0 (/Users/connor/Medica/backbay/standalone/arc/.worktrees/kernel-release-audit-20260909/crates/tooling/chio-trace-validate)  (*)
chio-underwriting v0.1.0 (/Users/connor/Medica/backbay/standalone/arc/.worktrees/kernel-release-audit-20260909/crates/economy/chio-underwriting)  (*)
chio-wasm-guards v0.1.0 (/Users/connor/Medica/backbay/standalone/arc/.worktrees/kernel-release-audit-20260909/crates/guards/chio-wasm-guards) default,wasmtime-runtime
arc-swap v1.9.1  (*)
chio-config v0.1.0 (/Users/connor/Medica/backbay/standalone/arc/.worktrees/kernel-release-audit-20260909/crates/platform/chio-config) default
chio-core v0.1.0 (/Users/connor/Medica/backbay/standalone/arc/.worktrees/kernel-release-audit-20260909/crates/core/chio-core) default (*)
chio-kernel v0.1.0 (/Users/connor/Medica/backbay/standalone/arc/.worktrees/kernel-release-audit-20260909/crates/kernel/chio-kernel) default,delegation,finding-market (*)
regex v1.12.3 default,perf,perf-backtrack,perf-cache,perf-dfa,perf-inline,perf-literal,perf-onepass,std,unicode,unicode-age,unicode-bool,unicode-case,unicode-gencat,unicode-perl,unicode-script,unicode-segment (*)
serde v1.0.228 alloc,default,derive,rc,serde_derive,std (*)
serde_yaml_ng v0.10.0  (*)
thiserror v1.0.69  (*)
chio-core v0.1.0 (/Users/connor/Medica/backbay/standalone/arc/.worktrees/kernel-release-audit-20260909/crates/core/chio-core) default (*)
chio-guards v0.1.0 (/Users/connor/Medica/backbay/standalone/arc/.worktrees/kernel-release-audit-20260909/crates/guards/chio-guards)  (*)
chio-kernel v0.1.0 (/Users/connor/Medica/backbay/standalone/arc/.worktrees/kernel-release-audit-20260909/crates/kernel/chio-kernel) default,delegation,finding-market (*)
chio-metrics-spec v0.1.0 (/Users/connor/Medica/backbay/standalone/arc/.worktrees/kernel-release-audit-20260909/crates/observability/chio-metrics-spec) 
ed25519-dalek v2.2.0 alloc,default,fast,pem,pkcs8,rand_core,std,zeroize (*)
hex v0.4.3 alloc,default,std
notify v6.1.1 crossbeam-channel,default,fsevent-sys,macos_fsevent
crossbeam-channel v0.5.15 default,std
crossbeam-utils v0.8.21 default,std
filetime v0.2.27 
cfg-if v1.0.4 
libc v0.2.189 default,extra_traits,std
log v0.4.29 std
walkdir v2.5.0  (*)
windows-sys v0.48.0 Win32,Win32_Foundation,Win32_Security,Win32_Storage,Win32_Storage_FileSystem,Win32_System,Win32_System_IO,Win32_System_Threading,Win32_System_WindowsProgramming,Win32_UI,Win32_UI_Shell,default (*)
pollster v0.4.0 
serde v1.0.228 alloc,default,derive,rc,serde_derive,std (*)
serde_json v1.0.149 alloc,default,float_roundtrip,raw_value,std (*)
serde_yaml_ng v0.10.0  (*)
sha2 v0.10.9 default,oid,std (*)
thiserror v1.0.69  (*)
tokio v1.50.0 bytes,default,fs,full,io-std,io-util,libc,macros,mio,net,parking_lot,process,rt,rt-multi-thread,signal,signal-hook-registry,socket2,sync,time,tokio-macros,windows-sys (*)
tracing v0.1.44 attributes,default,log,std,tracing-attributes (*)
wasmparser v0.221.3 component-model,default,features,hash-collections,serde,simd,std,validate
bitflags v2.11.0 
hashbrown v0.15.5 allocator-api2,default,default-hasher,equivalent,inline-more,raw-entry,serde (*)
indexmap v2.14.1 default,serde,std (*)
semver v1.0.27 default,serde,std
serde_core v1.0.228 alloc,default,rc,result,std
serde v1.0.228 alloc,default,derive,rc,serde_derive,std (*)
wasmtime v46.0.3 addr2line,anyhow,async,backtrace,cache,compile-time-builtins,component-model,component-model-async,coredump,cranelift,debug,debug-builtins,default,demangle,gc,gc-copying,gc-drc,gc-null,once_cell,parallel-compilation,pooling-allocator,profiling,runtime,stack-switching,std,threads,wasmtime-jit-debug,wasmtime-jit-icache-coherence,wat,wit-parser
addr2line v0.26.1 std
gimli v0.33.0 read,read-core,std,write
fnv v1.0.7 
hashbrown v0.16.1 allocator-api2,default,default-hasher,equivalent,inline-more,raw-entry (*)
indexmap v2.14.1 default,serde,std (*)
async-trait v0.1.89 (proc-macro)  (*)
bitflags v2.11.0 
bumpalo v3.20.2 allocator-api2,default
allocator-api2 v0.2.21 alloc
cfg-if v1.0.4 
encoding_rs v0.8.35 alloc,default
cfg-if v1.0.4 
futures v0.3.32 alloc,async-await,default,executor,futures-executor,std (*)
fxprof-processed-profile v0.8.1 
bitflags v2.11.0 
debugid v0.8.0 
uuid v1.22.0 default,fast-rng,rng,serde,std,v4,v7 (*)
rustc-hash v2.1.1 default,std
serde v1.0.228 alloc,default,derive,rc,serde_derive,std (*)
serde_derive v1.0.228 (proc-macro) default (*)
serde_json v1.0.149 alloc,default,float_roundtrip,raw_value,std (*)
gimli v0.33.0 read,read-core,std,write (*)
ittapi v0.4.0 
anyhow v1.0.103 default,std
ittapi-sys v0.4.0 
cc v1.2.57 parallel (*)
log v0.4.29 std
libc v0.2.189 default,extra_traits,std
log v0.4.29 std
object v0.39.1 coff,elf,macho,pe,read_core,std,unaligned,write,write_core,write_std,xcoff
crc32fast v1.5.0 default,std (*)
hashbrown v0.17.0 allocator-api2,default,default-hasher,equivalent,inline-more,raw-entry,serde (*)
indexmap v2.14.1 default,serde,std (*)
memchr v2.8.0 alloc,default,std
once_cell v1.21.4 alloc,default,race,std
postcard v1.1.3 alloc,default,heapless,heapless-cas,use-std (*)
pulley-interpreter v46.0.3 decode,disas,encode,interp,std
cranelift-bitset v0.133.3 enable-serde
serde v1.0.228 alloc,default,derive,rc,serde_derive,std (*)
serde_derive v1.0.228 (proc-macro) default (*)
wasmtime-internal-core v46.0.3 anyhow,backtrace,serde,std
anyhow v1.0.103 default,std
hashbrown v0.17.0 allocator-api2,default,default-hasher,equivalent,inline-more,raw-entry,serde (*)
libm v0.2.16 arch,default
serde v1.0.228 alloc,default,derive,rc,serde_derive,std (*)
log v0.4.29 std
pulley-macros v46.0.3 (proc-macro) 
proc-macro2 v1.0.106 default,proc-macro (*)
quote v1.0.45 default,proc-macro (*)
syn v2.0.117 clone-impls,default,derive,extra-traits,fold,full,parsing,printing,proc-macro,visit,visit-mut (*)
wasmtime-internal-core v46.0.3 anyhow,backtrace,serde,std (*)
rayon v1.11.0 
either v1.15.0 default,serde,std,use_std (*)
rayon-core v1.13.0 
crossbeam-deque v0.8.6 default,std
crossbeam-epoch v0.9.20 alloc,std
crossbeam-utils v0.8.21 default,std
crossbeam-utils v0.8.21 default,std
crossbeam-utils v0.8.21 default,std
semver v1.0.27 default,serde,std (*)
serde v1.0.228 alloc,default,derive,rc,serde_derive,std (*)
serde_derive v1.0.228 (proc-macro) default (*)
serde_json v1.0.149 alloc,default,float_roundtrip,raw_value,std (*)
smallvec v1.15.1 const_generics,const_new,serde,union (*)
target-lexicon v0.13.5 default
tempfile v3.27.0 default,getrandom (*)
wasm-compose v0.251.0 
anyhow v1.0.103 default,std
heck v0.5.0 
indexmap v2.14.1 default,serde,std (*)
log v0.4.29 std
petgraph v0.6.5 default,graphmap,matrix_graph,stable_graph
fixedbitset v0.4.2 
indexmap v2.14.1 default,serde,std (*)
smallvec v1.15.1 const_generics,const_new,serde,union (*)
wasm-encoder v0.251.0 component-model,default,std,wasmparser
leb128fmt v0.1.0 
wasmparser v0.251.0 component-model,features,serde,simd,std,validate
bitflags v2.11.0 
semver v1.0.27 default,serde,std (*)
serde v1.0.228 alloc,default,derive,rc,serde_derive,std (*)
wasmparser v0.251.0 component-model,features,serde,simd,std,validate (*)
wat v1.258.0 component-model,default
wast v258.0.0 component-model,wasm-module
bumpalo v3.20.2 allocator-api2,default (*)
leb128fmt v0.1.0 
memchr v2.8.0 alloc,default,std
unicode-width v0.2.2 cjk,default
wasm-encoder v0.258.0 component-model,std
leb128fmt v0.1.0 
wasm-encoder v0.251.0 component-model,default,std,wasmparser (*)
wasmparser v0.251.0 component-model,features,serde,simd,std,validate (*)
wasmtime-environ v46.0.3 anyhow,backtrace,compile,component-model,demangle,gc,gc-copying,gc-drc,gc-null,stack-switching,std,threads
anyhow v1.0.103 default,std
cpp_demangle v0.4.5 alloc,std
cfg-if v1.0.4 
cranelift-bforest v0.133.3 
cranelift-entity v0.133.3 enable-serde,serde,serde_derive
cranelift-bitset v0.133.3 enable-serde (*)
serde v1.0.228 alloc,default,derive,rc,serde_derive,std (*)
serde_derive v1.0.228 (proc-macro) default (*)
wasmtime-internal-core v46.0.3 anyhow,backtrace,serde,std (*)
wasmtime-internal-core v46.0.3 anyhow,backtrace,serde,std (*)
cranelift-bitset v0.133.3 enable-serde (*)
cranelift-entity v0.133.3 enable-serde,serde,serde_derive (*)
gimli v0.33.0 read,read-core,std,write (*)
hashbrown v0.17.0 allocator-api2,default,default-hasher,equivalent,inline-more,raw-entry,serde (*)
indexmap v2.14.1 default,serde,std (*)
log v0.4.29 std
object v0.39.1 coff,elf,macho,pe,read_core,std,unaligned,write,write_core,write_std,xcoff (*)
postcard v1.1.3 alloc,default,heapless,heapless-cas,use-std (*)
rustc-demangle v0.1.27 std
semver v1.0.27 default,serde,std (*)
serde v1.0.228 alloc,default,derive,rc,serde_derive,std (*)
serde_derive v1.0.228 (proc-macro) default (*)
sha2 v0.10.9 default,oid,std (*)
smallvec v1.15.1 const_generics,const_new,serde,union (*)
target-lexicon v0.13.5 default
wasm-encoder v0.251.0 component-model,default,std,wasmparser (*)
wasmparser v0.251.0 component-model,features,serde,simd,std,validate (*)
wasmprinter v0.251.0 component-model,default,validate
anyhow v1.0.103 default,std
termcolor v1.4.1 
winapi-util v0.1.11  (*)
wasmparser v0.251.0 component-model,features,serde,simd,std,validate (*)
wasmtime-internal-component-util v46.0.3 
wasmtime-internal-core v46.0.3 anyhow,backtrace,serde,std (*)
wasmtime-internal-cache v46.0.3 
base64 v0.22.1 alloc,default,std
directories-next v2.0.0 
cfg-if v1.0.4 
dirs-sys-next v0.1.2 
winapi v0.3.9 knownfolders,objbase,shlobj,winbase,winerror
log v0.4.29 std
postcard v1.1.3 alloc,default,heapless,heapless-cas,use-std (*)
serde v1.0.228 alloc,default,derive,rc,serde_derive,std (*)
serde_derive v1.0.228 (proc-macro) default (*)
sha2 v0.10.9 default,oid,std (*)
toml v0.9.12+spec-1.1.0 default,display,parse,serde,std
serde_core v1.0.228 alloc,default,rc,result,std
serde_spanned v1.1.1 alloc,serde,std
serde_core v1.0.228 alloc,default,rc,result,std
toml_datetime v0.7.5+spec-1.1.0 alloc,serde,std
serde_core v1.0.228 alloc,default,rc,result,std
toml_parser v1.1.1+spec-1.1.0 alloc,std
winnow v1.0.1 
toml_writer v1.1.1+spec-1.1.0 alloc,std
winnow v0.7.15 alloc,default,std
wasmtime-environ v46.0.3 anyhow,backtrace,compile,component-model,demangle,gc,gc-copying,gc-drc,gc-null,stack-switching,std,threads (*)
windows-sys v0.61.2 Wdk,Wdk_Foundation,Wdk_Storage,Wdk_Storage_FileSystem,Wdk_System,Wdk_System_IO,Win32,Win32_Foundation,Win32_Networking,Win32_Networking_WinSock,Win32_Security,Win32_Security_Cryptography,Win32_Storage,Win32_Storage_FileSystem,Win32_System,Win32_System_Com,Win32_System_Console,Win32_System_Diagnostics,Win32_System_Diagnostics_Debug,Win32_System_IO,Win32_System_Kernel,Win32_System_Memory,Win32_System_Pipes,Win32_System_SystemInformation,Win32_System_SystemServices,Win32_System_Threading,Win32_System_WindowsProgramming,Win32_UI,Win32_UI_Shell,default (*)
zstd v0.13.3 arrays,default,legacy,zdict_builder
zstd-safe v7.2.4 arrays,legacy,std,zdict_builder
zstd-sys v2.0.16+zstd.1.5.7 legacy,std,zdict_builder
cc v1.2.57 parallel (*)
pkg-config v0.3.32 
wasmtime-internal-component-macro v46.0.3 (proc-macro) async,component-model-async
anyhow v1.0.103 default,std
proc-macro2 v1.0.106 default,proc-macro (*)
quote v1.0.45 default,proc-macro (*)
syn v2.0.117 clone-impls,default,derive,extra-traits,fold,full,parsing,printing,proc-macro,visit,visit-mut (*)
wasmtime-internal-component-util v46.0.3 
wasmtime-internal-wit-bindgen v46.0.3 async,component-model-async
anyhow v1.0.103 default,std
bitflags v2.11.0 std
heck v0.5.0 
indexmap v2.14.1 default,serde,std (*)
wit-parser v0.251.0 decoding,default,serde,serde_json,std
anyhow v1.0.103 default,std
hashbrown v0.17.0 default-hasher (*)
id-arena v2.3.0 
indexmap v2.14.1 default,serde,std (*)
log v0.4.29 
semver v1.0.27 default,std
serde v1.0.228 alloc,default,derive,rc,serde_derive,std (*)
serde_derive v1.0.228 (proc-macro) default (*)
serde_json v1.0.149 alloc,default,std (*)
unicode-xid v0.2.6 default
wasmparser v0.251.0 component-model,features,simd,std,validate
bitflags v2.11.0 std
semver v1.0.27 default,std
wit-parser v0.251.0 decoding,default,serde,serde_json,std (*)
wasmtime-internal-component-util v46.0.3 
wasmtime-internal-core v46.0.3 anyhow,backtrace,serde,std (*)
wasmtime-internal-cranelift v46.0.3 pulley
cfg-if v1.0.4 
cranelift-codegen v0.133.3 enable-serde,gimli,host-arch,incremental-cache,postcard,pulley,serde,serde_derive,sha2,std,timing,unwind
bumpalo v3.20.2 allocator-api2,default (*)
cranelift-assembler-x64 v0.133.3 
cranelift-assembler-x64-meta v0.133.3 
cranelift-srcgen v0.133.3 
cranelift-bforest v0.133.3  (*)
cranelift-bitset v0.133.3 enable-serde (*)
cranelift-codegen-shared v0.133.3 
cranelift-control v0.133.3 fuzz
arbitrary v1.4.2 
cranelift-entity v0.133.3 enable-serde,serde,serde_derive (*)
gimli v0.33.0 read,read-core,std,write (*)
hashbrown v0.17.0 allocator-api2,default,default-hasher,equivalent,inline-more,raw-entry,serde (*)
libm v0.2.16 arch,default
log v0.4.29 std
postcard v1.1.3 alloc,default,heapless,heapless-cas,use-std (*)
pulley-interpreter v46.0.3 decode,disas,encode,interp,std (*)
regalloc2 v0.15.1 checker,default,enable-serde,serde,std
allocator-api2 v0.2.21 alloc
bumpalo v3.20.2 allocator-api2,default (*)
hashbrown v0.17.0 allocator-api2,default,default-hasher,equivalent,inline-more,raw-entry,serde (*)
log v0.4.29 std
rustc-hash v2.1.1 default,std
serde v1.0.228 alloc,default,derive,rc,serde_derive,std (*)
smallvec v1.15.1 const_generics,const_new,serde,union (*)
rustc-hash v2.1.1 default,std
serde v1.0.228 alloc,default,derive,rc,serde_derive,std (*)
serde_derive v1.0.228 (proc-macro) default (*)
sha2 v0.10.9 default,oid,std (*)
smallvec v1.15.1 const_generics,const_new,serde,union (*)
target-lexicon v0.13.5 default
wasmtime-internal-core v46.0.3 anyhow,backtrace,serde,std (*)
cranelift-codegen-meta v0.133.3 pulley
cranelift-assembler-x64-meta v0.133.3  (*)
cranelift-codegen-shared v0.133.3 
cranelift-srcgen v0.133.3 
heck v0.5.0 
pulley-interpreter v46.0.3 
cranelift-bitset v0.133.3 
wasmtime-internal-core v46.0.3 
hashbrown v0.17.0 default-hasher (*)
libm v0.2.16 arch,default
log v0.4.29 
pulley-macros v46.0.3 (proc-macro)  (*)
cranelift-isle v0.133.3 default
cranelift-control v0.133.3 fuzz (*)
cranelift-entity v0.133.3 enable-serde,serde,serde_derive (*)
cranelift-frontend v0.133.3 default,std
cranelift-codegen v0.133.3 enable-serde,gimli,host-arch,incremental-cache,postcard,pulley,serde,serde_derive,sha2,std,timing,unwind (*)
hashbrown v0.17.0 allocator-api2,default,default-hasher,equivalent,inline-more,raw-entry,serde (*)
log v0.4.29 std
smallvec v1.15.1 const_generics,const_new,serde,union (*)
target-lexicon v0.13.5 default
cranelift-native v0.133.3 default,std
cranelift-codegen v0.133.3 enable-serde,gimli,host-arch,incremental-cache,postcard,pulley,serde,serde_derive,sha2,std,timing,unwind (*)
target-lexicon v0.13.5 default
gimli v0.33.0 read,read-core,std,write (*)
itertools v0.14.0 default,use_alloc,use_std (*)
log v0.4.29 std
object v0.39.1 coff,elf,macho,pe,read_core,std,unaligned,write,write_core,write_std,xcoff (*)
pulley-interpreter v46.0.3 decode,disas,encode,interp,std (*)
smallvec v1.15.1 const_generics,const_new,serde,union (*)
target-lexicon v0.13.5 default
thiserror v2.0.18 default,std (*)
wasmparser v0.251.0 component-model,features,serde,simd,std,validate (*)
wasmtime-environ v46.0.3 anyhow,backtrace,compile,component-model,demangle,gc,gc-copying,gc-drc,gc-null,stack-switching,std,threads (*)
wasmtime-internal-core v46.0.3 anyhow,backtrace,serde,std (*)
wasmtime-internal-unwinder v46.0.3 cranelift,default
cfg-if v1.0.4 
cranelift-codegen v0.133.3 enable-serde,gimli,host-arch,incremental-cache,postcard,pulley,serde,serde_derive,sha2,std,timing,unwind (*)
log v0.4.29 std
object v0.39.1 coff,elf,macho,pe,read_core,std,unaligned,write,write_core,write_std,xcoff (*)
wasmtime-environ v46.0.3 anyhow,backtrace,compile,component-model,demangle,gc,gc-copying,gc-drc,gc-null,stack-switching,std,threads (*)
wasmtime-internal-versioned-export-macros v46.0.3 (proc-macro) 
proc-macro2 v1.0.106 default,proc-macro (*)
quote v1.0.45 default,proc-macro (*)
syn v2.0.117 clone-impls,default,derive,extra-traits,fold,full,parsing,printing,proc-macro,visit,visit-mut (*)
wasmtime-internal-fiber v46.0.3 std
cfg-if v1.0.4 
wasmtime-environ v46.0.3 anyhow,backtrace,compile,component-model,demangle,gc,gc-copying,gc-drc,gc-null,stack-switching,std,threads (*)
wasmtime-internal-versioned-export-macros v46.0.3 (proc-macro)  (*)
windows-sys v0.61.2 Wdk,Wdk_Foundation,Wdk_Storage,Wdk_Storage_FileSystem,Wdk_System,Wdk_System_IO,Win32,Win32_Foundation,Win32_Networking,Win32_Networking_WinSock,Win32_Security,Win32_Security_Cryptography,Win32_Storage,Win32_Storage_FileSystem,Win32_System,Win32_System_Com,Win32_System_Console,Win32_System_Diagnostics,Win32_System_Diagnostics_Debug,Win32_System_IO,Win32_System_Kernel,Win32_System_Memory,Win32_System_Pipes,Win32_System_SystemInformation,Win32_System_SystemServices,Win32_System_Threading,Win32_System_WindowsProgramming,Win32_UI,Win32_UI_Shell,default (*)
cc v1.2.57 parallel (*)
wasmtime-internal-versioned-export-macros v46.0.3 (proc-macro)  (*)
wasmtime-internal-jit-debug v46.0.3 gdb_jit_int,object,perf_jitdump,rustix,std
object v0.39.1 coff,elf,macho,pe,read_core,std,unaligned,write,write_core,write_std,xcoff (*)
wasmtime-internal-versioned-export-macros v46.0.3 (proc-macro)  (*)
cc v1.2.57 parallel (*)
wasmtime-internal-versioned-export-macros v46.0.3 (proc-macro)  (*)
wasmtime-internal-jit-icache-coherence v46.0.3 
cfg-if v1.0.4 
wasmtime-internal-core v46.0.3 anyhow,backtrace,serde,std (*)
windows-sys v0.61.2 Wdk,Wdk_Foundation,Wdk_Storage,Wdk_Storage_FileSystem,Wdk_System,Wdk_System_IO,Win32,Win32_Foundation,Win32_Networking,Win32_Networking_WinSock,Win32_Security,Win32_Security_Cryptography,Win32_Storage,Win32_Storage_FileSystem,Win32_System,Win32_System_Com,Win32_System_Console,Win32_System_Diagnostics,Win32_System_Diagnostics_Debug,Win32_System_IO,Win32_System_Kernel,Win32_System_Memory,Win32_System_Pipes,Win32_System_SystemInformation,Win32_System_SystemServices,Win32_System_Threading,Win32_System_WindowsProgramming,Win32_UI,Win32_UI_Shell,default (*)
wasmtime-internal-unwinder v46.0.3 cranelift,default (*)
wasmtime-internal-versioned-export-macros v46.0.3 (proc-macro)  (*)
wat v1.258.0 component-model,default (*)
windows-sys v0.61.2 Wdk,Wdk_Foundation,Wdk_Storage,Wdk_Storage_FileSystem,Wdk_System,Wdk_System_IO,Win32,Win32_Foundation,Win32_Networking,Win32_Networking_WinSock,Win32_Security,Win32_Security_Cryptography,Win32_Storage,Win32_Storage_FileSystem,Win32_System,Win32_System_Com,Win32_System_Console,Win32_System_Diagnostics,Win32_System_Diagnostics_Debug,Win32_System_IO,Win32_System_Kernel,Win32_System_Memory,Win32_System_Pipes,Win32_System_SystemInformation,Win32_System_SystemServices,Win32_System_Threading,Win32_System_WindowsProgramming,Win32_UI,Win32_UI_Shell,default (*)
wit-parser v0.251.0 decoding,default,serde,serde_json,std
anyhow v1.0.103 default,std
hashbrown v0.17.0 allocator-api2,default,default-hasher,equivalent,inline-more,raw-entry,serde (*)
id-arena v2.3.0 
indexmap v2.14.1 default,serde,std (*)
log v0.4.29 std
semver v1.0.27 default,serde,std (*)
serde v1.0.228 alloc,default,derive,rc,serde_derive,std (*)
serde_derive v1.0.228 (proc-macro) default (*)
serde_json v1.0.149 alloc,default,float_roundtrip,raw_value,std (*)
unicode-xid v0.2.6 default
wasmparser v0.251.0 component-model,features,serde,simd,std,validate (*)
cc v1.2.57 parallel (*)
wasmtime-internal-versioned-export-macros v46.0.3 (proc-macro)  (*)
chio-web3 v0.1.0 (/Users/connor/Medica/backbay/standalone/arc/.worktrees/kernel-release-audit-20260909/crates/economy/chio-web3) default (*)
chio-weights v0.1.0 (/Users/connor/Medica/backbay/standalone/arc/.worktrees/kernel-release-audit-20260909/crates/trust/chio-weights) default (*)
chio-workflow v0.1.0 (/Users/connor/Medica/backbay/standalone/arc/.worktrees/kernel-release-audit-20260909/crates/platform/chio-workflow)  (*)
chrono v0.4.44 alloc,clock,default,iana-time-zone,js-sys,now,oldtime,serde,std,wasm-bindgen,wasmbind,winapi,windows-link (*)
clap v4.6.0 color,default,derive,env,error-context,help,std,suggestions,usage (*)
ed25519-dalek v2.2.0 alloc,default,fast,pem,pkcs8,rand_core,std,zeroize (*)
flate2 v1.1.9 any_impl,default,miniz_oxide,rust_backend (*)
hex v0.4.3 alloc,default,std
libc v0.2.189 default,extra_traits,std
p256 v0.13.2 alloc,arithmetic,default,digest,ecdsa,ecdsa-core,pem,pkcs8,sha2,sha256,std (*)
p384 v0.13.1 alloc,arithmetic,default,digest,ecdh,ecdsa,ecdsa-core,pem,pkcs8,sha2,sha384,std (*)
percent-encoding v2.3.2 alloc,default,std
rand_core v0.6.4 alloc,getrandom,std (*)
reqwest v0.13.2 __rustls,__rustls-aws-lc-rs,__tls,blocking,form,json,multipart,query,rustls,stream (*)
rusqlite v0.39.0 bundled,cache,default,hashlink,modern_sqlite (*)
semver v1.0.27 default,serde,std (*)
serde v1.0.228 alloc,default,derive,rc,serde_derive,std (*)
serde_json v1.0.149 alloc,default,float_roundtrip,raw_value,std (*)
serde_urlencoded v0.7.1  (*)
serde_yaml_ng v0.10.0  (*)
sha2 v0.10.9 default,oid,std (*)
subtle v2.6.1 default,i128,std
tar v0.4.45 default,xattr
filetime v0.2.27  (*)
thiserror v1.0.69  (*)
tokio v1.50.0 bytes,default,fs,full,io-std,io-util,libc,macros,mio,net,parking_lot,process,rt,rt-multi-thread,signal,signal-hook-registry,socket2,sync,time,tokio-macros,windows-sys (*)
toml v0.8.23 default,display,parse (*)
tower-http v0.6.8 default,follow-redirect,fs,futures-core,futures-util,httpdate,iri-string,mime,mime_guess,percent-encoding,set-header,set-status,timeout,tokio,tokio-util,tower,tracing (*)
tracing v0.1.44 attributes,default,log,std,tracing-attributes (*)
tracing-subscriber v0.3.23 alloc,ansi,default,env-filter,fmt,matchers,nu-ansi-term,once_cell,registry,sharded-slab,smallvec,std,thread_local,tracing,tracing-log (*)
ureq v2.12.1 default,gzip,json,tls (*)
url v2.5.8 default,serde,std (*)
uuid v1.22.0 default,fast-rng,rng,serde,std,v4,v7 (*)
wasmparser v0.221.3 component-model,default,features,hash-collections,serde,simd,std,validate (*)
zeroize v1.9.0 alloc,default,derive,serde,zeroize_derive (*)
zstd v0.13.3 arrays,default,legacy,zdict_builder (*)
